Series Name,Series Code,Country Name,Country Code,2014 [YR2014],2015 [YR2015],2016 [YR2016],2017 [YR2017],2018 [YR2018],2019 [YR2019],2020 [YR2020],2021 [YR2021],2022 [YR2022],2023 [YR2023],2024 [YR2024]
"Adolescent fertility rate (births per 1,000 women ages 15-19)",SP.ADO.TFRT,China,CHN,12.049,10.887,10.747,10.236,8.691,8.277,6.737,5.996,5.463,5.227,5.202
"Adolescent fertility rate (births per 1,000 women ages 15-19)",SP.ADO.TFRT,India,IND,28.806,18.194,14.535,15.166,15.133,14.796,14.423,14.289,14.185,14.06,13.036
"Adolescent fertility rate (births per 1,000 women ages 15-19)",SP.ADO.TFRT,Brazil,BRA,63.365,61.779,58.372,56.558,54.287,50.958,47.46,45.67,42.881,42.686,41.459
Adults (ages 15+) and children (0-14 years) living with HIV,SH.HIV.TOTL,China,CHN,..,..,..,..,..,..,..,..,..,..,..
Adults (ages 15+) and children (0-14 years) living with HIV,SH.HIV.TOTL,India,IND,..,..,..,..,..,..,..,..,..,..,2600000
Adults (ages 15+) and children (0-14 years) living with HIV,SH.HIV.TOTL,Brazil,BRA,660000,710000,770000,820000,870000,920000,970000,1000000,1100000,1100000,1100000
Adults (ages 15+) and children (ages 0-14) newly infected with HIV,SH.HIV.INCD.TL,China,CHN,..,..,..,..,..,..,..,..,..,..,..
Adults (ages 15+) and children (ages 0-14) newly infected with HIV,SH.HIV.INCD.TL,India,IND,..,..,..,..,..,..,..,..,..,..,64000
Adults (ages 15+) and children (ages 0-14) newly infected with HIV,SH.HIV.INCD.TL,Brazil,BRA,65000,67000,68000,69000,69000,68000,66000,64000,62000,58000,55000
Adults (ages 15+) living with HIV,SH.DYN.AIDS,China,CHN,..,..,..,..,..,..,..,..,..,..,..
Adults (ages 15+) living with HIV,SH.DYN.AIDS,India,IND,..,..,..,..,..,..,..,..,..,..,2500000
Adults (ages 15+) living with HIV,SH.DYN.AIDS,Brazil,BRA,..,..,..,..,..,..,..,..,..,..,..
Adults (ages 15-49) newly infected with HIV,SH.HIV.INCD,China,CHN,..,..,..,..,..,..,..,..,..,..,..
Adults (ages 15-49) newly infected with HIV,SH.HIV.INCD,India,IND,..,..,..,..,..,..,..,..,..,..,..
Adults (ages 15-49) newly infected with HIV,SH.HIV.INCD,Brazil,BRA,..,..,..,..,..,..,..,..,..,..,..
"Age at first marriage, female",SP.DYN.SMAM.FE,China,CHN,..,24.8,25.4,..,..,..,..,..,..,..,..
"Age at first marriage, female",SP.DYN.SMAM.FE,India,IND,..,..,21.4,..,..,..,..,..,..,..,..
"Age at first marriage, female",SP.DYN.SMAM.FE,Brazil,BRA,..,..,..,..,..,..,..,..,..,..,..
"Age at first marriage, male",SP.DYN.SMAM.MA,China,CHN,..,26.9,27.1,..,..,..,..,..,..,..,..
"Age at first marriage, male",SP.DYN.SMAM.MA,India,IND,..,..,26,..,..,..,..,..,..,..,..
"Age at first marriage, male",SP.DYN.SMAM.MA,Brazil,BRA,..,..,..,..,..,..,..,..,..,..,..
Age dependency ratio (% of working-age population),SP.POP.DPND,China,CHN,38.8789249288739,39.6093613191235,40.4406557797685,41.5109449386089,42.5408726929072,43.3873633674887,44.0923748389161,44.4827701882176,44.7256128180315,44.7297141014082,44.2441142865473
Age dependency ratio (% of working-age population),SP.POP.DPND,India,IND,53.2421090234343,52.3977058192572,51.5768937298059,50.7672033452389,50.0307900245271,49.3781313856783,48.725925362152,48.0405766189907,47.4637059570602,47.0132181120622,46.5639973059355
Age dependency ratio (% of working-age population),SP.POP.DPND,Brazil,BRA,43.8183703322034,43.5935934449924,43.4398109123601,43.3713300884192,43.4316522323209,43.5397483001089,43.586067027448,43.6404698393342,43.7902629940777,44.0290947589819,44.3299763860952
"Age dependency ratio, old",SP.POP.DPND.OL,China,CHN,13.4243128881013,14.0355167465737,14.7333475757794,15.5392612055647,16.4153050771481,17.2944746246392,18.2208231849821,19.0800204763786,19.945983165379,20.7196179586136,21.1537871680053
"Age dependency ratio, old",SP.POP.DPND.OL,India,IND,8.13279560233489,8.33495531190129,8.5515603801864,8.78174521944322,9.03074254846896,9.2965077293909,9.54352404153678,9.69042628572764,9.87859325809253,10.1760245971185,10.4742211819038
"Age dependency ratio, old",SP.POP.DPND.OL,Brazil,BRA,11.0072481437228,11.4254652033893,11.8604268136993,12.3179673512207,12.8053633893132,13.3105476119749,13.7823454162982,14.2363505448809,14.7410682664371,15.3155231428833,15.9472851362189
"Age dependency ratio, young",SP.POP.DPND.YG,China,CHN,25.4546120407726,25.5738445725498,25.7073082039891,25.9716837330442,26.1255676157591,26.0928887428495,25.871551653934,25.402749711839,24.7796296526525,24.0100961427947,23.090327118542
"Age dependency ratio, young",SP.POP.DPND.YG,India,IND,45.1093134210994,44.0627505073559,43.0253333496195,41.9854581257956,41.0000474760581,40.0816236562874,39.1824013206153,38.3501503332631,37.5851126989677,36.8371935149437,36.0897761240317
"Age dependency ratio, young",SP.POP.DPND.YG,Brazil,BRA,32.8111221884806,32.168128241603,31.5793840986607,31.0533627371985,30.6262888430077,30.2292006881341,29.8037216111497,29.4041192944533,29.0491947276406,28.7135716160986,28.3826912498763
"Age population, age 00, female",SP.POP.AG00.FE.IN,China,CHN,8520304.5,8362863,8286991.5,8498901,7823810,6965243.5,6185597,5263217.5,4707679.5,4334356,4185274.5
"Age population, age 00, female",SP.POP.AG00.FE.IN,India,IND,11829041.5,11649138,11710263.5,11580406.5,11468813.5,11412459.5,11173719.5,11012379,10983696.5,10979586.5,10975067
"Age population, age 00, female",SP.POP.AG00.FE.IN,Brazil,BRA,1423322.5,1430160.5,1410632,1394026.5,1397424,1378393,1336190.5,1302693.5,1284871,1267684,1250809.5
"Age population, age 00, male",SP.POP.AG00.MA.IN,China,CHN,9852061,9630802,9500603.5,9671017.5,8877336,7927207,6966193.5,5828894,5197972.5,4795109,4623372
"Age population, age 00, male",SP.POP.AG00.MA.IN,India,IND,12893298,12693702.5,12745276,12580258.5,12432193,12345327.5,12061998.5,11862038.5,11807268.5,11779435.5,11749953.5
"Age population, age 00, male",SP.POP.AG00.MA.IN,Brazil,BRA,1482537,1489866,1469595.5,1452294.5,1455904.5,1436101.5,1392048.5,1357221.5,1338813,1321101.5,1304014.5
"Age population, age 01, female",SP.POP.AG01.FE.IN,China,CHN,8591918.5,8504397.5,8348687.5,8275530.5,8487700,7812073,6955331.5,6177826.5,5255927,4700300.5,4326061
"Age population, age 01, female",SP.POP.AG01.FE.IN,India,IND,11994761,11709386.5,11542713,11613980,11491040,11385112,11337320,11107942.5,10948228.5,10922141.5,10920909.5
"Age population, age 01, female",SP.POP.AG01.FE.IN,Brazil,BRA,1414535,1419440,1426504.5,1407099,1390041.5,1393584.5,1375188.5,1332811,1298755.5,1280859.5,1263377
"Age population, age 01, male",SP.POP.AG01.MA.IN,China,CHN,9971463,9832433.5,9613266,9486097.5,9657000,8863186,7915235.5,6956792.5,5820377,5189442.5,4786037
"Age population, age 01, male",SP.POP.AG01.MA.IN,India,IND,13116935,12792944,12604192,12664265.5,12504580.5,12360819.5,12281401.5,12006269.5,11806934,11753962,11728677.5
"Age population, age 01, male",SP.POP.AG01.MA.IN,Brazil,BRA,1472756.5,1478012.5,1485570,1465450,1447711.5,1451467.5,1432326,1388118,1352742.5,1334278,1316354
"Age population, age 02, female",SP.POP.AG02.FE.IN,China,CHN,8454662,8583236,8496798.5,8343110.5,8270195.5,8480922.5,7806179,6950847.5,6173136.5,5250805.5,4694396
"Age population, age 02, female",SP.POP.AG02.FE.IN,India,IND,12060805,11947751,11667359.5,11505207,11576785,11454306,11352198.5,11308209.5,11077318,10917660.5,10892120.5
"Age population, age 02, female",SP.POP.AG02.FE.IN,Brazil,BRA,1416907.5,1412667.5,1417749.5,1424862.5,1405045,1388112.5,1392135.5,1373516,1330624.5,1296485.5,1278238.5
"Age population, age 02, male",SP.POP.AG02.MA.IN,China,CHN,9843151.5,9961753,9823927.5,9606900,9480074.5,9649604,8856760.5,7910297,6951669.5,5814619.5,5183382
"Age population, age 02, male",SP.POP.AG02.MA.IN,India,IND,13226413.5,13075813,12756157.5,12571398,12631442.5,12471875,12331650.5,12255803.5,11978868.5,11779349,11727055
"Age population, age 02, male",SP.POP.AG02.MA.IN,Brazil,BRA,1475072.5,1470794,1476227.5,1483851.5,1463326.5,1445708.5,1449952,1430582.5,1385855.5,1350403.5,1331623.5
"Age population, age 03, female",SP.POP.AG03.FE.IN,China,CHN,8123112.5,8447523.5,8576887,8492152,8338687.5,8264676.5,8475798,7802174.5,6946675,6168450,5245469
"Age population, age 03, female",SP.POP.AG03.FE.IN,India,IND,12098132.5,12037243.5,11926860.5,11649445.5,11487247.5,11558162,11438218,11338818.5,11292619.5,11061228,10901518.5
"Age population, age 03, female",SP.POP.AG03.FE.IN,Brazil,BRA,1421233.5,1415398,1411313.5,1416440,1423194,1403474.5,1386979,1390809,1371730.5,1328785.5,1294260.5
"Age population, age 03, male",SP.POP.AG03.MA.IN,China,CHN,9483505,9835341.5,9954794.5,9818756,9602014,9474157.5,9644150.5,8852469.5,7905718,6946228,5809077.5
"Age population, age 03, male",SP.POP.AG03.MA.IN,India,IND,13298384.5,13205723.5,13057439,12740401,12555286,12614440.5,12457198,12319494,12241256,11963645,11764452.5
"Age population, age 03, male",SP.POP.AG03.MA.IN,Brazil,BRA,1479261,1473445,1469324.5,1474800.5,1482066.5,1461648.5,1444473.5,1448529,1428705.5,1383926,1348115.5
"Age population, age 04, female",SP.POP.AG04.FE.IN,China,CHN,8146599.5,8117261,8442266,8572978.5,8488423,8334045.5,8260472,8472274.5,7798441.5,6942451,6163506.5
"Age population, age 04, female",SP.POP.AG04.FE.IN,India,IND,12161555.5,12079091,12020407,11912346.5,11635017,11472526,11545416,11427775.5,11326554.5,11279775,11048006.5
"Age population, age 04, female",SP.POP.AG04.FE.IN,Brazil,BRA,1426263,1420001.5,1414298.5,1410257,1415083.5,1421904.5,1402567,1385920,1389346.5,1370223,1326870.5
"Age population, age 04, male",SP.POP.AG04.MA.IN,China,CHN,9531412.5,9477171,9829645.5,9950497,9814686,9597072.5,9469716,9640436,8848417.5,7900692.5,6940974.5
"Age population, age 04, male",SP.POP.AG04.MA.IN,India,IND,13376300,13280177.5,13189470.5,13043290.5,12726127.5,12540530.5,12601511.5,12446449,12306797,12227873.5,11950370.5
"Age population, age 04, male",SP.POP.AG04.MA.IN,Brazil,BRA,1484238.5,1477904,1472225,1468135.5,1473308,1480654,1460626.5,1443313.5,1446974,1427102,1381934.5
"Age population, age 05, female",SP.POP.AG05.FE.IN,China,CHN,8076605,8141536,8112837.5,8438933.5,8569731.5,8484399,8330413.5,8257507.5,8468924,7794687,6937976.5
"Age population, age 05, female",SP.POP.AG05.FE.IN,India,IND,12168953.5,12144376.5,12063935.5,12007285.5,11899251.5,11621875.5,11461351,11536132,11417013.5,11315405.5,11267862.5
"Age population, age 05, female",SP.POP.AG05.FE.IN,Brazil,BRA,1433030.5,1425244,1419095,1413429.5,1409136,1414016,1421163,1401701,1384711,1388099.5,1368553
"Age population, age 05, male",SP.POP.AG05.MA.IN,China,CHN,9465766,9525872,9472339.5,9825937,9946906,9810366.5,9593185.5,9466555,9636796,8843982,7895944
"Age population, age 05, male",SP.POP.AG05.MA.IN,India,IND,13379637,13358471.5,13264178.5,13175361.5,13029085.5,12711775.5,12528052.5,12590829,12434217.5,12294124,12214949
"Age population, age 05, male",SP.POP.AG05.MA.IN,Brazil,BRA,1490857.5,1483100,1476884,1471224.5,1466878.5,1472121,1479800.5,1459665,1442019,1445636,1425354.5
"Age population, age 06, female",SP.POP.AG06.FE.IN,China,CHN,7863242,8072027,8137495,8109849.5,8435985,8566073,8481081,8327695,8254571,8465551,7790534
"Age population, age 06, female",SP.POP.AG06.FE.IN,India,IND,12127054,12154209.5,12131309,12052643.5,11995997,11887825,11612228.5,11453496,11526926,11407498.5,11305029.5
"Age population, age 06, female",SP.POP.AG06.FE.IN,Brazil,BRA,1449003.5,1432178.5,1424488,1418371,1412492.5,1408244.5,1413403.5,1420440,1400685.5,1383672.5,1386633
"Age population, age 06, male",SP.POP.AG06.MA.IN,China,CHN,9226778.5,9460566,9521278,9468843.5,9822512,9942830.5,9806671,9590160,9463296,9632812,8839549.5
"Age population, age 06, male",SP.POP.AG06.MA.IN,India,IND,13332234.5,13363487,13343861,13251246.5,13162363,13015899,12700349.5,12518386.5,12579745.5,12422808.5,12282338
"Age population, age 06, male",SP.POP.AG06.MA.IN,Brazil,BRA,1506839,1489896.5,1482241,1476036.5,1470160.5,1465877.5,1471407.5,1478992.5,1458575,1440902.5,1444099.5
"Age population, age 07, female",SP.POP.AG07.FE.IN,China,CHN,7648197,7858958.5,8068180.5,8134548,8107058,8432559.5,8562900.5,8478437,8324925.5,8251603,8461584.5
"Age population, age 07, female",SP.POP.AG07.FE.IN,India,IND,12168780.5,12115024,12143500.5,12122007,12043315,11986481.5,11879699.5,11605664,11445882,11518944.5,11398654.5
"Age population, age 07, female",SP.POP.AG07.FE.IN,Brazil,BRA,1473143,1448274.5,1431534,1423872,1417575.5,1411734.5,1407725,1412790,1419574.5,1399805.5,1382371.5
"Age population, age 07, male",SP.POP.AG07.MA.IN,China,CHN,8982348.5,9221629,9455911,9517561.5,9465356,9818462.5,9939073.5,9803528.5,9586935.5,9459753.5,9628484
"Age population, age 07, male",SP.POP.AG07.MA.IN,India,IND,13380328,13318637.5,13351140,13332866,13240190,13151103,13006031.5,12692064.5,12509043.5,12570010,12412599.5
"Age population, age 07, male",SP.POP.AG07.MA.IN,Brazil,BRA,1531402,1506013.5,1489163.5,1481517.5,1475129,1469305.5,1465271,1470724,1478064,1457628.5,1439543
"Age population, age 08, female",SP.POP.AG08.FE.IN,China,CHN,7494024.5,7644086.5,7855245.5,8065219.5,8131725,8103807,8429498.5,8560258,8475711,8322102.5,8247864
"Age population, age 08, female",SP.POP.AG08.FE.IN,India,IND,12275330,12159231,12106551.5,12136104.5,12114469,12035558.5,11979827,11874254,11599319,11439275.5,11511443
"Age population, age 08, female",SP.POP.AG08.FE.IN,Brazil,BRA,1497566.5,1472500,1447706.5,1430994,1423180.5,1416915.5,1411279,1407191,1412042.5,1418814,1398630.5
"Age population, age 08, male",SP.POP.AG08.MA.IN,China,CHN,8803591.5,8977081,9216815,9451868.5,9513747.5,9461246.5,9814584.5,9935689,9800131.5,9583437,9455493.5
"Age population, age 08, male",SP.POP.AG08.MA.IN,India,IND,13508052,13369398.5,13308783.5,13342354,13323930,13231043,13143080.5,12999246,12684406.5,12501142,12561463
"Age population, age 08, male",SP.POP.AG08.MA.IN,Brazil,BRA,1556366,1530675.5,1505371.5,1488534.5,1480734.5,1474390,1468778.5,1464680.5,1469927,1477250.5,1456407.5
"Age population, age 09, female",SP.POP.AG09.FE.IN,China,CHN,7384506.5,7490055.5,7640502.5,7852329.5,8062403,8128539,8100892.5,8426916,8557566.5,8472953,8318488.5
"Age population, age 09, female",SP.POP.AG09.FE.IN,India,IND,12411921,12267678,12152435,12100631.5,12129952,12108025,12030013.5,11975253.5,11868797,11593626.5,11432858
"Age population, age 09, female",SP.POP.AG09.FE.IN,Brazil,BRA,1515050,1496981,1471979,1447211.5,1430373,1422589,1416500.5,1410796.5,1406530.5,1411373,1417733.5
"Age population, age 09, male",SP.POP.AG09.MA.IN,China,CHN,8672499.5,8798172,8972114.5,9212529,9447766.5,9509433,9457301.5,9811030.5,9932092,9796527.5,9579096.5
"Age population, age 09, male",SP.POP.AG09.MA.IN,India,IND,13671078.5,13499328.5,13361578.5,13301878,13335240.5,13316549,13224596,13137644,12992958,12677922.5,12494084
"Age population, age 09, male",SP.POP.AG09.MA.IN,Brazil,BRA,1573912.5,1555705.5,1530091,1504805.5,1487844.5,1480082.5,1473918.5,1468252.5,1463981.5,1469215.5,1476134
"Age population, age 10, female",SP.POP.AG10.FE.IN,China,CHN,7279665,7380733.5,7486652.5,7637729.5,7849651.5,8059359.5,8125730.5,8098480.5,8424370.5,8554925.5,8469472.5
"Age population, age 10, female",SP.POP.AG10.FE.IN,India,IND,12516597,12405192,12261669.5,12147185.5,12095147,12124133,12102956,12025796,11970185,11863442,11587702.5
"Age population, age 10, female",SP.POP.AG10.FE.IN,Brazil,BRA,1523976.5,1514511,1496503,1471540.5,1446683.5,1429873,1422220.5,1416053,1410200.5,1405938.5,1410374.5
"Age population, age 10, male",SP.POP.AG10.MA.IN,China,CHN,8543636,8667029.5,8793161,8967748.5,9208345,9443383,9505375,9453739.5,9807402,9928446,9792100.5
"Age population, age 10, male",SP.POP.AG10.MA.IN,India,IND,13787657.5,13663491.5,13492530,13355602,13295724,13328799.5,13310895,13219834.5,13132083.5,12987157,12671622.5
"Age population, age 10, male",SP.POP.AG10.MA.IN,Brazil,BRA,1582327.5,1573317.5,1555186,1529615,1504261,1487337,1479688,1473446,1467643,1463381,1468201
"Age population, age 11, female",SP.POP.AG11.FE.IN,China,CHN,7243404,7276050.5,7377476.5,7484035.5,7635213.5,7846754,8056656.5,8123400.5,8096094.5,8421854,8551600
"Age population, age 11, female",SP.POP.AG11.FE.IN,India,IND,12592784.5,12509838,12399106.5,12256329.5,12141591.5,12089204.5,12118903,12098542,12020492,11964550,11857402.5
"Age population, age 11, female",SP.POP.AG11.FE.IN,Brazil,BRA,1546160,1523392,1513984,1496006,1470938,1446112.5,1429455,1421733.5,1415415.5,1409561.5,1404950.5
"Age population, age 11, male",SP.POP.AG11.MA.IN,China,CHN,8491141.5,8538145,8661991,8788781.5,8963562.5,9203962,9439268,9501715,9450158,9803777.5,9924003.5
"Age population, age 11, male",SP.POP.AG11.MA.IN,India,IND,13859063,13780126.5,13656698.5,13486553,13349461.5,13289315,13323143,13306089.5,13214224.5,13126210.5,12980861.5
"Age population, age 11, male",SP.POP.AG11.MA.IN,Brazil,BRA,1604590.5,1581681.5,1572744,1554653.5,1529008,1503694,1486900,1479183,1472804.5,1467007,1462378.5
"Age population, age 12, female",SP.POP.AG12.FE.IN,China,CHN,7308566,7239702.5,7272762.5,7374923,7481575,7632270.5,7844022,8054315.5,8120943.5,8093546,8418567.5
"Age population, age 12, female",SP.POP.AG12.FE.IN,India,IND,12643681.5,12585289,12503069,12393153,12250008,12134805,12083260.5,12113879,12092357.5,12013862,11957932
"Age population, age 12, female",SP.POP.AG12.FE.IN,Brazil,BRA,1581913.5,1545454.5,1522757,1513375,1495253.5,1470226.5,1445599.5,1428865.5,1420957.5,1414628,1408523
"Age population, age 12, male",SP.POP.AG12.MA.IN,China,CHN,8552836,8485423.5,8532942,8657525.5,8784518.5,8959031,9199717.5,9435466.5,9497925,9446440,9799226.5
"Age population, age 12, male",SP.POP.AG12.MA.IN,India,IND,13922830.5,13850845,13772687,13650131.5,13479752,13342328.5,13283062.5,13317832.5,13299765,13207557,13119423.5
"Age population, age 12, male",SP.POP.AG12.MA.IN,Brazil,BRA,1641142.5,1603793,1580971.5,1572078,1553888,1528293.5,1503150.5,1486286.5,1478406,1472025.5,1465940
"Age population, age 13, female",SP.POP.AG13.FE.IN,China,CHN,7555496,7304455,7236124.5,7270177.5,7372402.5,7478327,7629290,7841552,8051608.5,8118043,8090173
"Age population, age 13, female",SP.POP.AG13.FE.IN,India,IND,12563764.5,12634794.5,12577288.5,12496087.5,12385522,12241632,12127556,12077264.5,12106144,12083891.5,12006169.5
"Age population, age 13, female",SP.POP.AG13.FE.IN,Brazil,BRA,1615772.5,1580994,1544637.5,1521977,1512384.5,1494321,1469564.5,1444824,1427824,1419888,1413456.5
"Age population, age 13, male",SP.POP.AG13.MA.IN,China,CHN,8821419,8546622,8479854,8528343.5,8653108.5,8779638.5,8954489.5,9195725,9431356,9493770,9441745.5
"Age population, age 13, male",SP.POP.AG13.MA.IN,India,IND,13866572.5,13913240,13842184,13765072,13642050,13471122.5,13334847,13276831.5,13310112.5,13291468.5,13199761.5
"Age population, age 13, male",SP.POP.AG13.MA.IN,Brazil,BRA,1675439.5,1640041,1602811.5,1580055.5,1571019.5,1552902,1527550,1502315.5,1485224,1477328.5,1470778
"Age population, age 14, female",SP.POP.AG14.FE.IN,China,CHN,7604469.5,7550589.5,7300295,7233385.5,7267485,7368566,7474840,7626524.5,7838400,8048093,8114259.5
"Age population, age 14, female",SP.POP.AG14.FE.IN,India,IND,12380802,12553004.5,12625127,12568987.5,12486687,12374880,12232568.5,12120288.5,12067385.5,12095077,12074629.5
"Age population, age 14, female",SP.POP.AG14.FE.IN,Brazil,BRA,1646781,1614519,1579887.5,1543586,1520612.5,1511104.5,1493431,1468497.5,1443352.5,1426298.5,1418456
"Age population, age 14, male",SP.POP.AG14.MA.IN,China,CHN,8856277,8814359.5,8540451,8475050,8523716.5,8647656,8774606.5,8950193,9191171,9426544.5,9488573
"Age population, age 14, male",SP.POP.AG14.MA.IN,India,IND,13677439.5,13855105.5,13902874,13833176.5,13755198.5,13631195,13461825.5,13327295,13267048.5,13299364,13282100.5
"Age population, age 14, male",SP.POP.AG14.MA.IN,Brazil,BRA,1706575.5,1673800.5,1638563.5,1601427.5,1578460,1569540.5,1551801.5,1526329,1500748.5,1483612,1475699.5
"Age population, age 15, female",SP.POP.AG15.FE.IN,China,CHN,7511834.5,7598529,7545534,7297268,7230385,7262794,7364328,7471607,7622709.5,7834025,8043424
"Age population, age 15, female",SP.POP.AG15.FE.IN,India,IND,12233967,12367958.5,12541568.5,12615462,12557612.5,12473399.5,12363756.5,12223970.5,12107873,12053237,12083766
"Age population, age 15, female",SP.POP.AG15.FE.IN,Brazil,BRA,1672321,1645076,1613019,1578458.5,1541700,1518853,1509906.5,1491971.5,1466436,1441197.5,1424435.5
"Age population, age 15, male",SP.POP.AG15.MA.IN,China,CHN,8722101,8848275,8807285,8535333,8470111.5,8517477.5,8641927.5,8769874,8945015.5,9185503.5,9420438
"Age population, age 15, male",SP.POP.AG15.MA.IN,India,IND,13515805.5,13663882,13842869.5,13892331.5,13821217,13741634.5,13619692,13452718.5,13314893,13253201,13287787
"Age population, age 15, male",SP.POP.AG15.MA.IN,Brazil,BRA,1731682.5,1704100,1671542.5,1636423,1598982,1576223,1567887.5,1549991.5,1523995.5,1498318.5,1481307.5
"Age population, age 16, female",SP.POP.AG16.FE.IN,China,CHN,7680458.5,7504641.5,7592435.5,7542061.5,7293823.5,7224603,7257612,7360482.5,7466943,7617263,7827456
"Age population, age 16, female",SP.POP.AG16.FE.IN,India,IND,12140824.5,12219025.5,12354931,12530825,12602199.5,12541637.5,12460297,12354017,12208954.5,12090462,12039055
"Age population, age 16, female",SP.POP.AG16.FE.IN,Brazil,BRA,1681303.5,1670093,1643124.5,1611160.5,1575967,1539384,1517305,1507988.5,1489212.5,1463537,1438755.5
"Age population, age 16, male",SP.POP.AG16.MA.IN,China,CHN,8886743,8713013,8840247,8801667,8529943,8462857.5,8510876,8636618.5,8763897,8938295.5,9177591.5
"Age population, age 16, male",SP.POP.AG16.MA.IN,India,IND,13411978.5,13500120,13649910,13830967,13878229.5,13804757.5,13727830.5,13609003.5,13437401,13297526.5,13238340
"Age population, age 16, male",SP.POP.AG16.MA.IN,Brazil,BRA,1738627,1728045.5,1700734.5,1668314.5,1632785.5,1595709,1573819,1565280.5,1546627,1520452,1495008.5
"Age population, age 17, female",SP.POP.AG17.FE.IN,China,CHN,7916878,7671762,7497415.5,7588500,7538032,7286793.5,7218342,7253065,7354855,7460293,7607438
"Age population, age 17, female",SP.POP.AG17.FE.IN,India,IND,12056293.5,12123921.5,12204607.5,12343466.5,12515990,12583710.5,12526781,12449703.5,12336535,12188345.5,12072257
"Age population, age 17, female",SP.POP.AG17.FE.IN,Brazil,BRA,1674067,1678531,1667669,1640818,1608033.5,1573060.5,1537463,1514902.5,1504487,1485520,1460449.5
"Age population, age 17, male",SP.POP.AG17.MA.IN,China,CHN,9123550.5,8876220,8703959,8834153.5,8795615.5,8521472,8455212,8504878.5,8629704.5,8755998,8927343.5
"Age population, age 17, male",SP.POP.AG17.MA.IN,India,IND,13307287,13394230.5,13484536,13636931.5,13814902.5,13858879.5,13788723,13715683,13590703,13416360,13277940
"Age population, age 17, male",SP.POP.AG17.MA.IN,Brazil,BRA,1727952.5,1733605.5,1723320.5,1696142.5,1663200.5,1628228,1592361,1570249.5,1560680,1541728.5,1515873.5
"Age population, age 18, female",SP.POP.AG18.FE.IN,China,CHN,8200176.5,7906611.5,7663268.5,7493003,7583897,7529661,7279390.5,7213037,7246446.5,7346974.5,7446322.5
"Age population, age 18, female",SP.POP.AG18.FE.IN,India,IND,11974480.5,12037667,12108303.5,12192615,12327376.5,12495332,12567339,12515542.5,12430001,12312947,12165405.5
"Age population, age 18, female",SP.POP.AG18.FE.IN,Brazil,BRA,1667190,1670790,1675664,1664937.5,1637084.5,1604559.5,1570773.5,1534583,1510684,1500032,1481827.5
"Age population, age 18, male",SP.POP.AG18.MA.IN,China,CHN,9407269.5,9111440,8865877.5,8697382,8827475.5,8785734.5,8512648.5,8448413.5,8496959,8620582.5,8741168.5
"Age population, age 18, male",SP.POP.AG18.MA.IN,India,IND,13206517.5,13287627.5,13377132.5,13470604,13619159.5,13792890.5,13840735.5,13775249.5,13694537,13566070.5,13391140
"Age population, age 18, male",SP.POP.AG18.MA.IN,Brazil,BRA,1716703,1721575.5,1727523,1717304,1689471.5,1657289,1623848,1587742.5,1564358.5,1554363,1535837.5
"Age population, age 19, female",SP.POP.AG19.FE.IN,China,CHN,8461282.5,8188396.5,7896867,7658256,7487849,7574306.5,7521101,7273310.5,7205452,7237409,7328954
"Age population, age 19, female",SP.POP.AG19.FE.IN,India,IND,11887893,11954391,12021039.5,12095861.5,12175437,12304902,12477722.5,12555552.5,12493871.5,12403760,12285470
"Age population, age 19, female",SP.POP.AG19.FE.IN,Brazil,BRA,1657176.5,1663478.5,1667551,1672574,1660673.5,1633109,1601946.5,1567459,1529722.5,1505561,1495848
"Age population, age 19, male",SP.POP.AG19.MA.IN,China,CHN,9657413.5,9393514,9099722,8858560.5,8690078.5,8816290,8775602.5,8504954,8439444.5,8486644.5,8601915
"Age population, age 19, male",SP.POP.AG19.MA.IN,India,IND,13082203,13185076.5,13269116.5,13362253.5,13451232.5,13594803.5,13772873.5,13826007,13751485,13666601.5,13535372.5
"Age population, age 19, male",SP.POP.AG19.MA.IN,Brazil,BRA,1701830.5,1709281.5,1714483,1720403.5,1709332.5,1682393.5,1651991,1618246.5,1580677.5,1556822,1547405.5
"Age population, age 20, female",SP.POP.AG20.FE.IN,China,CHN,8721204.5,8448170,8177497.5,7891226.5,7652469.5,7477216.5,7564762.5,7514231.5,7264823,7195375.5,7216407.5
"Age population, age 20, female",SP.POP.AG20.FE.IN,India,IND,11786554.5,11866581,11936885,12008152,12077670.5,12151357,12286228,12465416,12532119.5,12465299.5,12372798.5
"Age population, age 20, female",SP.POP.AG20.FE.IN,Brazil,BRA,1646000.5,1653133.5,1659951,1664190,1667899,1656298,1630230.5,1598272,1562068,1524056.5,1501014.5
"Age population, age 20, male",SP.POP.AG20.MA.IN,China,CHN,9895951.5,9642096,9380409.5,9091546.5,8850416.5,8677733,8805005.5,8766885,8494914,8427986.5,8465086.5
"Age population, age 20, male",SP.POP.AG20.MA.IN,India,IND,12923706.5,13059081.5,13165168,13253241.5,13341301.5,13424712,13573137,13756975,13799837.5,13720599.5,13631608
"Age population, age 20, male",SP.POP.AG20.MA.IN,Brazil,BRA,1686424.5,1693868.5,1701684.5,1706826,1711679,1701495.5,1676460.5,1645644.5,1610276,1572270.5,1549226
"Age population, age 21, female",SP.POP.AG21.FE.IN,China,CHN,9061246.5,8706996.5,8436312.5,8171246,7884819.5,7640877,7466895,7557261,7504911,7253861,7173212
"Age population, age 21, female",SP.POP.AG21.FE.IN,India,IND,11695179.5,11764239,11848280,11923486,11989005.5,12052155,12131642,12273333.5,12440456,12501518,12432498
"Age population, age 21, female",SP.POP.AG21.FE.IN,Brazil,BRA,1638172.5,1641732.5,1649412.5,1656409.5,1659237.5,1663247.5,1653227,1626284,1592489,1556006,1519226
"Age population, age 21, male",SP.POP.AG21.MA.IN,China,CHN,10215245,9879206,9627721.5,9371310.5,9082496.5,8836858.5,8665490,8795428,8755731.5,8482376.5,8405177
"Age population, age 21, male",SP.POP.AG21.MA.IN,India,IND,12784982,12898976,13037764.5,13148168,13230731.5,13312746.5,13401451.5,13556127,13728706.5,13766343.5,13683214
"Age population, age 21, male",SP.POP.AG21.MA.IN,Brazil,BRA,1674202,1678355.5,1686215.5,1693962.5,1697890,1703540,1695249,1669658.5,1637118.5,1601367,1564362
"Age population, age 22, female",SP.POP.AG22.FE.IN,China,CHN,9601944,9046174,8694406,8429547.5,8164281,7872452.5,7629862,7458931,7547344,7493202.5,7232569
"Age population, age 22, female",SP.POP.AG22.FE.IN,India,IND,11611116,11672063.5,11745253.5,11834324,11903464,11962280.5,12031432,12118020,12247097,12408221,12468672.5
"Age population, age 22, female",SP.POP.AG22.FE.IN,Brazil,BRA,1640812,1633770,1637898,1645768,1651295.5,1654428.5,1660059.5,1649095,1620241.5,1586174.5,1550916
"Age population, age 22, male",SP.POP.AG22.MA.IN,China,CHN,10753133,10197188.5,9863715.5,9617754.5,9361351,9067835.5,8823625.5,8655237.5,8783413.5,8742142,8460158
"Age population, age 22, male",SP.POP.AG22.MA.IN,India,IND,12666287,12758689,12876293.5,13019570.5,13124150.5,13200364,13287942,13383271,13526136.5,13693096,13728654
"Age population, age 22, male",SP.POP.AG22.MA.IN,Brazil,BRA,1672293,1666269,1670893.5,1678705,1685126,1689775.5,1697254.5,1688239.5,1660861,1628012.5,1593297
"Age population, age 23, female",SP.POP.AG23.FE.IN,China,CHN,11159133,9586194.5,9033048,8687243,8422160,8151357.5,7860916.5,7621463,7448658,7535192,7474249
"Age population, age 23, female",SP.POP.AG23.FE.IN,India,IND,11499499,11587434,11652517,11730763.5,11813568.5,11875811.5,11940712,12016972.5,12090663.5,12213670,12376772
"Age population, age 23, female",SP.POP.AG23.FE.IN,Brazil,BRA,1654226.5,1636346,1629885,1634211.5,1640590,1646421.5,1651189.5,1655825,1642910.5,1613800,1580857
"Age population, age 23, male",SP.POP.AG23.MA.IN,China,CHN,12409591.5,10733845.5,10180704,9852973,9607012.5,9345756,9053738,8812638.5,8642642,8769105,8721805
"Age population, age 23, male",SP.POP.AG23.MA.IN,India,IND,12516651.5,12638561.5,12734703.5,12856947,12994213,13092258,13174252,13268563.5,13351782,13488983.5,13656794.5
"Age population, age 23, male",SP.POP.AG23.MA.IN,Brazil,BRA,1681668.5,1664541.5,1659048,1663668,1670096.5,1677156.5,1683600.5,1690217,1679349,1651726.5,1619851
"Age population, age 24, female",SP.POP.AG24.FE.IN,China,CHN,12185204.5,11142432,9572659,9025563.5,8679569,8408939.5,8139487,7852190,7610898,7436346.5,7519260
"Age population, age 24, female",SP.POP.AG24.FE.IN,India,IND,11393133,11475550,11567498.5,11637558,11709487,11785319,11853674.5,11925374.5,11988595,12056443,12184335.5
"Age population, age 24, female",SP.POP.AG24.FE.IN,Brazil,BRA,1669760,1649752.5,1632456.5,1626202,1629050.5,1635729,1643176.5,1646923,1649601.5,1636446,1608321
"Age population, age 24, male",SP.POP.AG24.MA.IN,China,CHN,13463368.5,12388388.5,10716419.5,10169219,9841576,9590745,9330955,9042101,8799445.5,8627939,8751337.5
"Age population, age 24, male",SP.POP.AG24.MA.IN,India,IND,12376531.5,12487800.5,12613440.5,12714291.5,12830529,12961189,13065231.5,13153779,13235725.5,13313559.5,13454946.5
"Age population, age 24, male",SP.POP.AG24.MA.IN,Brazil,BRA,1693245.5,1674048,1657494.5,1652055.5,1655293,1662311,1671118.5,1676630.5,1681348.5,1670259,1643498
"Age population, age 25, female",SP.POP.AG25.FE.IN,China,CHN,11831957,12168089,11128134.5,9564851,9017669,8666263.5,8396939,8130540.5,7841454.5,7598493,7423347.5
"Age population, age 25, female",SP.POP.AG25.FE.IN,India,IND,11272205.5,11369192,11455483.5,11552214,11616009.5,11681037,11762967,11837553,11896220.5,11954038.5,12029270
"Age population, age 25, female",SP.POP.AG25.FE.IN,Brazil,BRA,1686723.5,1665317,1645887.5,1628806.5,1621117.5,1624263,1632515.5,1638927,1640745,1643202,1630898.5
"Age population, age 25, male",SP.POP.AG25.MA.IN,China,CHN,12988657,13441068,12369260.5,10704128,10157201,9824847,9575458,9318762,9028414,8784333,8612752
"Age population, age 25, male",SP.POP.AG25.MA.IN,India,IND,12254187.5,12346920.5,12461913,12592180,12687134.5,12796878.5,12933744,13043860,13119888.5,13196917.5,13281827.5
"Age population, age 25, male",SP.POP.AG25.MA.IN,Brazil,BRA,1705779,1685703,1667090,1650649.5,1643880.5,1647683,1656408,1664235.5,1667855,1672359,1661999.5
AIDS estimated deaths (UNAIDS estimates),SH.DYN.AIDS.DH,China,CHN,..,..,..,..,..,..,..,..,..,..,..
AIDS estimated deaths (UNAIDS estimates),SH.DYN.AIDS.DH,India,IND,..,..,..,..,..,..,..,..,..,..,32000
AIDS estimated deaths (UNAIDS estimates),SH.DYN.AIDS.DH,Brazil,BRA,13000,14000,13000,12000,12000,11000,11000,12000,12000,12000,12000
Antiretroviral therapy coverage (% of people living with HIV),SH.HIV.ARTC.ZS,China,CHN,..,..,..,..,..,..,..,..,..,..,..
Antiretroviral therapy coverage (% of people living with HIV),SH.HIV.ARTC.ZS,India,IND,..,..,..,..,..,..,..,..,65,69,72
Antiretroviral therapy coverage (% of people living with HIV),SH.HIV.ARTC.ZS,Brazil,BRA,59,63,64,66,68,69,68,69,69,71,73
Antiretroviral therapy coverage for PMTCT (% of pregnant women living with HIV),SH.HIV.PMTC.ZS,China,CHN,..,..,..,..,..,..,..,..,..,..,..
Antiretroviral therapy coverage for PMTCT (% of pregnant women living with HIV),SH.HIV.PMTC.ZS,India,IND,..,..,..,..,..,..,..,..,..,..,..
Antiretroviral therapy coverage for PMTCT (% of pregnant women living with HIV),SH.HIV.PMTC.ZS,Brazil,BRA,..,..,..,..,..,..,..,..,..,..,..
ARI treatment (% of children under 5 taken to a health provider),SH.STA.ARIC.ZS,China,CHN,..,..,..,..,..,..,..,..,..,..,..
ARI treatment (% of children under 5 taken to a health provider),SH.STA.ARIC.ZS,India,IND,76.9,..,78.1,..,..,..,..,69,..,..,..
ARI treatment (% of children under 5 taken to a health provider),SH.STA.ARIC.ZS,Brazil,BRA,..,..,..,..,..,..,..,..,..,..,..
"Birth rate, crude (per 1,000 people)",SP.DYN.CBRT.IN,China,CHN,13.83,11.99,13.57,12.64,10.86,10.41,8.52,7.52,6.77,6.39,6.77
"Birth rate, crude (per 1,000 people)",SP.DYN.CBRT.IN,India,IND,19.089,18.936,18.756,17.995,17.91,17.368,16.744,16.491,16.336,16.146,15.981
"Birth rate, crude (per 1,000 people)",SP.DYN.CBRT.IN,Brazil,BRA,14.784,14.684,14.146,14.123,14.022,13.548,12.995,12.754,12.555,12.322,12.133
Births attended by skilled health staff (% of total),SH.STA.BRTC.ZS,China,CHN,99.9,99.9,99.9,..,..,..,..,..,..,..,..
Births attended by skilled health staff (% of total),SH.STA.BRTC.ZS,India,IND,81.4,..,81.4,..,..,..,..,89.4,..,..,..
Births attended by skilled health staff (% of total),SH.STA.BRTC.ZS,Brazil,BRA,98.4,98.2,98.6,98.7,98.8,98.4,98.4,..,..,..,..
Capital health expenditure (% of GDP),SH.XPD.KHEX.GD.ZS,China,CHN,0.485915891365273,0.560608811593997,0.605868152650794,0.621320186915423,0.619607579971878,0.572181412599377,0.611986232440245,..,..,..,..
Capital health expenditure (% of GDP),SH.XPD.KHEX.GD.ZS,India,IND,0.256441310366732,0.241758809809786,0.270613909991573,0.379657266940276,0.297327444997717,0.309214946186228,0.38233916420286,0.486074737047302,..,..,..
Capital health expenditure (% of GDP),SH.XPD.KHEX.GD.ZS,Brazil,BRA,0.373008743971443,0.289541105161674,0.317217216003089,0.2535147279472,0.33637445092396,0.292491990618924,0.208170904982222,0.156812328943996,0.178456689152012,0.159958519092153,..
"Cause of death, by communicable diseases and maternal, prenatal and nutrition conditions (% of total)",SH.DTH.COMM.ZS,China,CHN,..,4.0733655151777,..,..,..,3.46731254453738,3.21073989494317,3.20078141070178,..,..,..
"Cause of death, by communicable diseases and maternal, prenatal and nutrition conditions (% of total)",SH.DTH.COMM.ZS,India,IND,..,27.2977388024525,..,..,..,21.7558305034359,25.394137445736,38.3772760853965,..,..,..
"Cause of death, by communicable diseases and maternal, prenatal and nutrition conditions (% of total)",SH.DTH.COMM.ZS,Brazil,BRA,..,14.6235594048516,..,..,..,14.0257587170462,25.5391446726895,34.0917360480192,..,..,..
"Cause of death, by injury (% of total)",SH.DTH.INJR.ZS,China,CHN,..,6.89021154424776,..,..,..,6.3067064764948,6.17505206083054,6.00290192514738,..,..,..
"Cause of death, by injury (% of total)",SH.DTH.INJR.ZS,India,IND,..,10.5641382632894,..,..,..,10.4270379434828,9.13164668285109,7.04480054541833,..,..,..
"Cause of death, by injury (% of total)",SH.DTH.INJR.ZS,Brazil,BRA,..,12.1054630746977,..,..,..,11.5105149862967,9.78785805379273,8.45505273437637,..,..,..
"Cause of death, by non-communicable diseases (% of total)",SH.DTH.NCOM.ZS,China,CHN,..,89.0364229405747,..,..,..,90.2259809789681,90.1883860083351,90.6830294831708,..,..,..
"Cause of death, by non-communicable diseases (% of total)",SH.DTH.NCOM.ZS,India,IND,..,62.1381229342582,..,..,..,67.8171315530812,63.1604523918734,49.0788120326803,..,..,..
"Cause of death, by non-communicable diseases (% of total)",SH.DTH.NCOM.ZS,Brazil,BRA,..,73.2709775204511,..,..,..,74.4637262966574,64.6729972735175,57.4532112176043,..,..,..
"Cause of death, by other COVID-19 pandemic-related outcomes (% of total)",SH.DTH.OCVD.ZS,China,CHN,..,0,..,..,..,0,0.425822035891015,0.113287180980367,..,..,..
"Cause of death, by other COVID-19 pandemic-related outcomes (% of total)",SH.DTH.OCVD.ZS,India,IND,..,0,..,..,..,0,2.31376347953946,5.49911133650512,..,..,..
"Cause of death, by other COVID-19 pandemic-related outcomes (% of total)",SH.DTH.OCVD.ZS,Brazil,BRA,..,0,..,..,..,0,0,0,..,..,..
Children (0-14) living with HIV,SH.HIV.0014,China,CHN,..,..,..,..,..,..,..,..,..,..,..
Children (0-14) living with HIV,SH.HIV.0014,India,IND,..,..,..,..,..,..,..,..,..,..,..
Children (0-14) living with HIV,SH.HIV.0014,Brazil,BRA,..,..,..,..,..,..,..,..,..,..,..
Children (ages 0-14) newly infected with HIV,SH.HIV.INCD.14,China,CHN,..,..,..,..,..,..,..,..,..,..,..
Children (ages 0-14) newly infected with HIV,SH.HIV.INCD.14,India,IND,..,..,..,..,..,..,..,..,..,..,..
Children (ages 0-14) newly infected with HIV,SH.HIV.INCD.14,Brazil,BRA,..,..,..,..,..,..,..,..,..,..,..
Children orphaned by HIV/AIDS,SH.HIV.ORPH,China,CHN,..,..,..,..,..,..,..,..,..,..,..
Children orphaned by HIV/AIDS,SH.HIV.ORPH,India,IND,..,..,..,..,..,..,..,..,..,..,..
Children orphaned by HIV/AIDS,SH.HIV.ORPH,Brazil,BRA,..,..,..,..,..,..,..,..,..,..,..
Children with fever receiving antimalarial drugs (% of children under age 5 with fever),SH.MLR.TRET.ZS,China,CHN,..,..,..,..,..,..,..,..,..,..,..
Children with fever receiving antimalarial drugs (% of children under age 5 with fever),SH.MLR.TRET.ZS,India,IND,..,..,20.1,..,..,..,..,25.2,..,..,..
Children with fever receiving antimalarial drugs (% of children under age 5 with fever),SH.MLR.TRET.ZS,Brazil,BRA,..,..,..,..,..,..,..,..,..,..,..
"Community health workers (per 1,000 people)",SH.MED.CMHW.P3,China,CHN,..,..,..,..,..,..,..,..,..,..,..
"Community health workers (per 1,000 people)",SH.MED.CMHW.P3,India,IND,..,..,0.581,..,..,..,..,..,..,..,..
"Community health workers (per 1,000 people)",SH.MED.CMHW.P3,Brazil,BRA,..,..,..,..,..,..,..,..,..,..,..
Completeness of birth registration (%),SP.REG.BRTH.ZS,China,CHN,..,..,..,..,..,..,..,..,..,..,..
Completeness of birth registration (%),SP.REG.BRTH.ZS,India,IND,71.9,..,79.7,..,..,..,..,89.1,..,..,..
Completeness of birth registration (%),SP.REG.BRTH.ZS,Brazil,BRA,95.9,96.4,..,..,..,..,..,..,..,..,..
"Completeness of birth registration, female (%)",SP.REG.BRTH.FE.ZS,China,CHN,..,..,..,..,..,..,..,..,..,..,..
"Completeness of birth registration, female (%)",SP.REG.BRTH.FE.ZS,India,IND,..,..,80.1,..,..,..,..,89.4,..,..,..
"Completeness of birth registration, female (%)",SP.REG.BRTH.FE.ZS,Brazil,BRA,..,..,..,..,..,..,..,..,..,..,..
"Completeness of birth registration, male (%)",SP.REG.BRTH.MA.ZS,China,CHN,..,..,..,..,..,..,..,..,..,..,..
"Completeness of birth registration, male (%)",SP.REG.BRTH.MA.ZS,India,IND,..,..,79.4,..,..,..,..,88.8,..,..,..
"Completeness of birth registration, male (%)",SP.REG.BRTH.MA.ZS,Brazil,BRA,..,..,..,..,..,..,..,..,..,..,..
"Completeness of birth registration, rural (%)",SP.REG.BRTH.RU.ZS,China,CHN,..,..,..,..,..,..,..,..,..,..,..
"Completeness of birth registration, rural (%)",SP.REG.BRTH.RU.ZS,India,IND,67.1,..,76.1,..,..,..,..,87.5,..,..,..
"Completeness of birth registration, rural (%)",SP.REG.BRTH.RU.ZS,Brazil,BRA,..,..,..,..,..,..,..,..,..,..,..
"Completeness of birth registration, urban (%)",SP.REG.BRTH.UR.ZS,China,CHN,..,..,..,..,..,..,..,..,..,..,..
"Completeness of birth registration, urban (%)",SP.REG.BRTH.UR.ZS,India,IND,83.2,..,88.8,..,..,..,..,93.3,..,..,..
"Completeness of birth registration, urban (%)",SP.REG.BRTH.UR.ZS,Brazil,BRA,..,..,..,..,..,..,..,..,..,..,..
Completeness of death registration with cause-of-death information (%),SP.REG.DTHS.ZS,China,CHN,..,62,..,..,..,..,..,..,..,..,..
Completeness of death registration with cause-of-death information (%),SP.REG.DTHS.ZS,India,IND,..,..,..,..,..,..,..,..,..,..,..
Completeness of death registration with cause-of-death information (%),SP.REG.DTHS.ZS,Brazil,BRA,..,..,99,..,..,..,..,..,..,..,..
"Comprehensive correct knowledge of HIV/AIDS, ages 15-24, female (2 prevent ways and reject 3 misconceptions)",SH.HIV.1524.KW.FE.ZS,China,CHN,..,..,..,..,..,..,..,..,..,..,..
"Comprehensive correct knowledge of HIV/AIDS, ages 15-24, female (2 prevent ways and reject 3 misconceptions)",SH.HIV.1524.KW.FE.ZS,India,IND,..,..,21.700001,..,..,..,..,..,..,..,..
"Comprehensive correct knowledge of HIV/AIDS, ages 15-24, female (2 prevent ways and reject 3 misconceptions)",SH.HIV.1524.KW.FE.ZS,Brazil,BRA,..,..,..,..,..,..,..,..,..,..,..
"Comprehensive correct knowledge of HIV/AIDS, ages 15-24, male (2 prevent ways and reject 3 misconceptions)",SH.HIV.1524.KW.MA.ZS,China,CHN,..,..,..,..,..,..,..,..,..,..,..
"Comprehensive correct knowledge of HIV/AIDS, ages 15-24, male (2 prevent ways and reject 3 misconceptions)",SH.HIV.1524.KW.MA.ZS,India,IND,..,..,31.5,..,..,..,..,..,..,..,..
"Comprehensive correct knowledge of HIV/AIDS, ages 15-24, male (2 prevent ways and reject 3 misconceptions)",SH.HIV.1524.KW.MA.ZS,Brazil,BRA,..,..,..,..,..,..,..,..,..,..,..
"Comprehensive correct knowledge of HIV/AIDS, ages 15-49, female (2 prevent ways and reject 3 misconceptions)",SH.HIV.KNOW.FE.ZS,China,CHN,..,..,..,..,..,..,..,..,..,..,..
"Comprehensive correct knowledge of HIV/AIDS, ages 15-49, female (2 prevent ways and reject 3 misconceptions)",SH.HIV.KNOW.FE.ZS,India,IND,..,..,20.9,..,..,..,..,..,..,..,..
"Comprehensive correct knowledge of HIV/AIDS, ages 15-49, female (2 prevent ways and reject 3 misconceptions)",SH.HIV.KNOW.FE.ZS,Brazil,BRA,..,..,..,..,..,..,..,..,..,..,..
"Comprehensive correct knowledge of HIV/AIDS, ages 15-49, male (2 prevent ways and reject 3 misconceptions)",SH.HIV.KNOW.MA.ZS,China,CHN,..,..,..,..,..,..,..,..,..,..,..
"Comprehensive correct knowledge of HIV/AIDS, ages 15-49, male (2 prevent ways and reject 3 misconceptions)",SH.HIV.KNOW.MA.ZS,India,IND,..,..,32.5,..,..,..,..,..,..,..,..
"Comprehensive correct knowledge of HIV/AIDS, ages 15-49, male (2 prevent ways and reject 3 misconceptions)",SH.HIV.KNOW.MA.ZS,Brazil,BRA,..,..,..,..,..,..,..,..,..,..,..
"Condom use at last high-risk sex, adult female (% ages 15-49)",SH.CON.AIDS.FE.ZS,China,CHN,..,..,..,..,..,..,..,..,..,..,..
"Condom use at last high-risk sex, adult female (% ages 15-49)",SH.CON.AIDS.FE.ZS,India,IND,..,..,36.6,..,..,..,..,..,..,..,..
"Condom use at last high-risk sex, adult female (% ages 15-49)",SH.CON.AIDS.FE.ZS,Brazil,BRA,..,..,..,..,..,..,..,..,..,..,..
"Condom use at last high-risk sex, adult male (% ages 15-49)",SH.CON.AIDS.MA.ZS,China,CHN,..,..,..,..,..,..,..,..,..,..,..
"Condom use at last high-risk sex, adult male (% ages 15-49)",SH.CON.AIDS.MA.ZS,India,IND,..,..,40.7,..,..,..,..,..,..,..,..
"Condom use at last high-risk sex, adult male (% ages 15-49)",SH.CON.AIDS.MA.ZS,Brazil,BRA,..,..,..,..,..,..,..,..,..,..,..
"Condom use, population ages 15-24, female (% of females ages 15-24)",SH.CON.1524.FE.ZS,China,CHN,..,..,..,..,..,..,..,..,..,..,..
"Condom use, population ages 15-24, female (% of females ages 15-24)",SH.CON.1524.FE.ZS,India,IND,..,..,..,..,..,..,..,..,..,..,..
"Condom use, population ages 15-24, female (% of females ages 15-24)",SH.CON.1524.FE.ZS,Brazil,BRA,..,..,..,..,..,..,..,..,..,..,..
"Condom use, population ages 15-24, male (% of males ages 15-24)",SH.CON.1524.MA.ZS,China,CHN,..,..,..,..,..,..,..,..,..,..,..
"Condom use, population ages 15-24, male (% of males ages 15-24)",SH.CON.1524.MA.ZS,India,IND,..,..,..,..,..,..,..,..,..,..,..
"Condom use, population ages 15-24, male (% of males ages 15-24)",SH.CON.1524.MA.ZS,Brazil,BRA,..,..,..,..,..,..,..,..,..,..,..
Consumption of iodized salt (% of households),SN.ITK.SALT.ZS,China,CHN,96.3,..,..,..,96.6,..,..,..,..,..,..
Consumption of iodized salt (% of households),SN.ITK.SALT.ZS,India,IND,..,94.5,92.7,..,92.4,..,..,..,..,..,..
Consumption of iodized salt (% of households),SN.ITK.SALT.ZS,Brazil,BRA,..,..,..,..,..,..,..,..,..,..,..
"Contraceptive prevalence, any method (% of all women ages 15-49)",SP.DYN.CONU.AL.ZS,China,CHN,..,..,..,..,..,..,..,..,..,..,..
"Contraceptive prevalence, any method (% of all women ages 15-49)",SP.DYN.CONU.AL.ZS,India,IND,..,..,40.8,..,..,..,..,50.1,..,..,..
"Contraceptive prevalence, any method (% of all women ages 15-49)",SP.DYN.CONU.AL.ZS,Brazil,BRA,..,..,..,..,..,80.5,..,..,..,..,..
"Contraceptive prevalence, any method (% of married women ages 15-49)",SP.DYN.CONU.ZS,China,CHN,..,..,..,84.5,..,..,..,..,..,..,..
"Contraceptive prevalence, any method (% of married women ages 15-49)",SP.DYN.CONU.ZS,India,IND,..,..,53.5,..,..,..,..,66.7,..,..,..
"Contraceptive prevalence, any method (% of married women ages 15-49)",SP.DYN.CONU.ZS,Brazil,BRA,..,..,..,..,..,..,..,..,..,..,..
"Contraceptive prevalence, any method (% of sexually active unmarried women ages 15-49)",SP.DYN.CONU.SA.ZS,China,CHN,..,..,..,..,..,..,..,..,..,..,..
"Contraceptive prevalence, any method (% of sexually active unmarried women ages 15-49)",SP.DYN.CONU.SA.ZS,India,IND,..,..,42.6,..,..,..,..,68.7,..,..,..
"Contraceptive prevalence, any method (% of sexually active unmarried women ages 15-49)",SP.DYN.CONU.SA.ZS,Brazil,BRA,..,..,..,..,..,..,..,..,..,..,..
"Contraceptive prevalence, any modern method (% of all women ages 15-49)",SP.DYN.CONM.AL.ZS,China,CHN,..,..,..,..,..,..,..,..,..,..,..
"Contraceptive prevalence, any modern method (% of all women ages 15-49)",SP.DYN.CONM.AL.ZS,India,IND,..,..,36.5,..,..,..,..,42.7,..,..,..
"Contraceptive prevalence, any modern method (% of all women ages 15-49)",SP.DYN.CONM.AL.ZS,Brazil,BRA,..,..,..,..,..,79.4535,..,..,..,..,..
"Contraceptive prevalence, any modern method (% of married women ages 15-49)",SP.DYN.CONM.ZS,China,CHN,..,..,..,80.5,..,..,..,..,..,..,..
"Contraceptive prevalence, any modern method (% of married women ages 15-49)",SP.DYN.CONM.ZS,India,IND,..,..,47.8,..,..,..,..,56.4,..,..,..
"Contraceptive prevalence, any modern method (% of married women ages 15-49)",SP.DYN.CONM.ZS,Brazil,BRA,..,..,..,..,..,..,..,..,..,..,..
"Contraceptive prevalence, any modern method (% of sexually active unmarried women ages 15-49)",SP.DYN.CONM.SA.ZS,China,CHN,..,..,..,..,..,..,..,..,..,..,..
"Contraceptive prevalence, any modern method (% of sexually active unmarried women ages 15-49)",SP.DYN.CONM.SA.ZS,India,IND,..,..,40.9,..,..,..,..,61.3,..,..,..
"Contraceptive prevalence, any modern method (% of sexually active unmarried women ages 15-49)",SP.DYN.CONM.SA.ZS,Brazil,BRA,..,..,..,..,..,..,..,..,..,..,..
Current health expenditure (% of GDP),SH.XPD.CHEX.GD.ZS,China,CHN,4.69880247,4.85367584,4.88338089,4.9695034,5.06933308,5.26516867,5.50441837,5.25590324,5.88078785,5.94388866,..
Current health expenditure (% of GDP),SH.XPD.CHEX.GD.ZS,India,IND,3.61956549,3.59565973,3.50430417,2.93597651,2.8584938,2.95299792,3.34146094,3.34680939,3.39623499,3.33944035,..
Current health expenditure (% of GDP),SH.XPD.CHEX.GD.ZS,Brazil,BRA,8.39644146,8.90929985,9.16901684,9.47125053,9.46475029,9.61449146,9.62326527,9.63646507,9.38739491,9.73092747,..
Current health expenditure per capita (current US$),SH.XPD.CHEX.PC.CD,China,CHN,362.28695679,393.09768677,398.17489624,439.94006348,504.10980225,538.99157715,582.95092773,670.25897217,755.43597412,763.37762451,..
Current health expenditure per capita (current US$),SH.XPD.CHEX.PC.CD,India,IND,56.3490181,58.12401581,59.72652817,56.66844559,57.46551132,60.6913681,63.83099747,75.54971313,81.50888824,84.68669891,..
Current health expenditure per capita (current US$),SH.XPD.CHEX.PC.CD,Brazil,BRA,1030.66271973,796.15252686,810.20037842,954.75012207,880.28430176,868.17248535,680.76843262,768.27075195,871.27526855,1009.83563232,..
"Current health expenditure per capita, PPP (current international $)",SH.XPD.CHEX.PP.CD,China,CHN,602.561598864816,647.362591709039,682.877229646934,735.992197794662,814.630086026044,917.221598271983,1002.03059995065,1084.03316408133,1342.90047786093,1486.88389429767,..
"Current health expenditure per capita, PPP (current international $)",SH.XPD.CHEX.PP.CD,India,IND,187.913074244445,195.065786039975,203.266515244254,180.407423467841,191.946915727321,211.166615797198,232.775420308436,269.418794651553,310.204676194147,346.246240799183,..
"Current health expenditure per capita, PPP (current international $)",SH.XPD.CHEX.PP.CD,Brazil,BRA,1328.93066983177,1320.48649469287,1312.01325973184,1378.92393296078,1463.60459202537,1545.03321144692,1549.50140417499,1741.85901334616,1865.91861407951,2070.43822679684,..
"Death rate, crude (per 1,000 people)",SP.DYN.CDRT.IN,China,CHN,7.12,7.07,7.04,7.06,7.08,7.09,7.07,7.18,7.37,7.87,7.76
"Death rate, crude (per 1,000 people)",SP.DYN.CDRT.IN,India,IND,6.77,6.729,6.7,6.673,6.67,6.67,7.214,9.259,6.576,6.611,6.587
"Death rate, crude (per 1,000 people)",SP.DYN.CDRT.IN,Brazil,BRA,5.998,6.045,6.226,6.256,6.337,6.452,7.502,8.366,7.539,7.077,7.068
Demand for family planning satisfied by any methods (% of married women with demand for family planning),SH.FPL.SATI.ZS,China,CHN,..,..,..,..,..,..,..,..,..,..,..
Demand for family planning satisfied by any methods (% of married women with demand for family planning),SH.FPL.SATI.ZS,India,IND,..,..,80.6,..,..,..,..,87.6,..,..,..
Demand for family planning satisfied by any methods (% of married women with demand for family planning),SH.FPL.SATI.ZS,Brazil,BRA,..,..,..,..,..,..,..,..,..,..,..
Demand for family planning satisfied by modern methods (% of married women with demand for family planning),SH.FPL.SATM.ZS,China,CHN,..,..,..,..,..,..,..,..,..,..,..
Demand for family planning satisfied by modern methods (% of married women with demand for family planning),SH.FPL.SATM.ZS,India,IND,..,..,71.9,..,..,..,..,74.1,..,..,..
Demand for family planning satisfied by modern methods (% of married women with demand for family planning),SH.FPL.SATM.ZS,Brazil,BRA,..,..,..,..,..,..,..,..,..,..,..
Diabetes prevalence (% of population ages 20 to 79),SH.STA.DIAB.ZS,China,CHN,..,..,..,..,..,..,..,..,..,..,11.9
Diabetes prevalence (% of population ages 20 to 79),SH.STA.DIAB.ZS,India,IND,..,..,..,..,..,..,..,..,..,..,10.5
Diabetes prevalence (% of population ages 20 to 79),SH.STA.DIAB.ZS,Brazil,BRA,..,..,..,..,..,..,..,..,..,..,10.6
Diarrhea treatment (% of children under 5 receiving oral rehydration and continued feeding),SH.STA.ORCF.ZS,China,CHN,..,..,..,..,..,..,..,..,..,..,..
Diarrhea treatment (% of children under 5 receiving oral rehydration and continued feeding),SH.STA.ORCF.ZS,India,IND,..,..,40.1,..,..,..,..,45.8,..,..,..
Diarrhea treatment (% of children under 5 receiving oral rehydration and continued feeding),SH.STA.ORCF.ZS,Brazil,BRA,..,..,..,..,..,..,..,..,..,..,..
Diarrhea treatment (% of children under 5 who received ORS packet),SH.STA.ORTH,China,CHN,..,..,..,..,..,..,..,..,..,..,..
Diarrhea treatment (% of children under 5 who received ORS packet),SH.STA.ORTH,India,IND,39.3,..,50.6,..,..,..,..,60.6,..,..,..
Diarrhea treatment (% of children under 5 who received ORS packet),SH.STA.ORTH,Brazil,BRA,..,..,..,..,..,..,..,..,..,..,..
Domestic general government health expenditure (% of current health expenditure),SH.XPD.GHED.CH.ZS,China,CHN,58.4154892,60.1810112,58.1014328,56.67334747,56.41641998,55.97903824,54.72392273,54.06824493,57.69316864,57.0976181,..
Domestic general government health expenditure (% of current health expenditure),SH.XPD.GHED.CH.ZS,India,IND,23.66404152,25.64012909,26.83841324,32.94804382,34.29247284,35.0661087,36.25336838,40.39885712,40.3965683,39.02440643,..
Domestic general government health expenditure (% of current health expenditure),SH.XPD.GHED.CH.ZS,Brazil,BRA,44.05274582,43.25779724,43.05799484,41.73843765,41.09186554,40.74080658,43.35228729,44.69211197,45.37672043,44.12654495,..
Domestic general government health expenditure (% of GDP),SH.XPD.GHED.GD.ZS,China,CHN,2.74482822,2.92099118,2.83731437,2.81638408,2.85993624,2.94739079,3.01223373,2.8417747,3.39281297,3.39381886,..
Domestic general government health expenditure (% of GDP),SH.XPD.GHED.GD.ZS,India,IND,0.85653549,0.92193186,0.94049966,0.96734685,0.98024821,1.03550148,1.21139216,1.35207272,1.37196231,1.30319667,..
Domestic general government health expenditure (% of GDP),SH.XPD.GHED.GD.ZS,Brazil,BRA,3.69886327,3.85396719,3.94799495,3.95315194,3.88924217,3.91702151,4.17190552,4.30673981,4.25969172,4.29392195,..
Domestic general government health expenditure (% of general government expenditure),SH.XPD.GHED.GE.ZS,China,CHN,9.66088581,9.41902351,8.95276546,8.79734421,8.76146317,8.76956177,8.64632607,8.9053545,10.39417267,10.36797714,..
Domestic general government health expenditure (% of general government expenditure),SH.XPD.GHED.GE.ZS,India,IND,3.25070548,3.37624002,3.39333463,3.66080451,3.67532182,3.84729862,3.68660474,4.45562935,4.71439028,4.58670855,..
Domestic general government health expenditure (% of general government expenditure),SH.XPD.GHED.GE.ZS,Brazil,BRA,8.92875195,8.34357262,8.67635441,8.92413235,8.80304146,9.10027695,9.03431797,10.66790676,9.80471611,9.47691154,..
Domestic general government health expenditure per capita (current US$),SH.XPD.GHED.PC.CD,China,CHN,211.63169496,236.57014804,231.34530889,249.32875592,284.40070347,301.72231266,319.01361894,362.39723925,435.83493412,435.87046317,..
Domestic general government health expenditure per capita (current US$),SH.XPD.GHED.PC.CD,India,IND,13.33445508,14.90307278,16.02965318,18.67114483,19.70634426,21.28210144,23.14088483,30.52121945,32.92679071,33.04847848,..
Domestic general government health expenditure per capita (current US$),SH.XPD.GHED.PC.CD,Brazil,BRA,454.03524589,344.39804222,348.85604514,398.49780034,361.72522115,353.70049932,295.12869329,343.35640636,395.35614908,445.6055761,..
"Domestic general government health expenditure per capita, PPP (current international $)",SH.XPD.GHED.PP.CD,China,CHN,351.989309486743,389.589341827424,396.761450185217,417.1114201349,459.585130098305,513.451835250068,548.350454965911,586.117669780703,774.761855685711,848.975305692657,..
"Domestic general government health expenditure per capita, PPP (current international $)",SH.XPD.GHED.PP.CD,India,IND,44.4678267416,50.0151205912864,54.5535107170908,59.4407182546561,65.8233442504417,74.0479175295666,84.3889274977912,108.842109132846,125.312034063894,135.12053013582,..
"Domestic general government health expenditure per capita, PPP (current international $)",SH.XPD.GHED.PP.CD,Brazil,BRA,585.430483216201,571.213363405743,564.926640063767,575.541334749891,601.422403725643,629.459005494812,671.744305086009,778.473588380095,846.692640360538,913.61281555328,..
Domestic private health expenditure (% of current health expenditure),SH.XPD.PVTD.CH.ZS,China,CHN,41.55432129,39.81039047,41.89695358,43.32621002,43.58293152,44.02029419,45.27583313,45.93153,42.30011749,42.89730072,..
Domestic private health expenditure (% of current health expenditure),SH.XPD.PVTD.CH.ZS,India,IND,75.58837891,73.64810181,72.51978302,66.46324158,65.24591064,64.37737274,63.09274673,58.58843231,58.46108627,58.56241226,..
Domestic private health expenditure (% of current health expenditure),SH.XPD.PVTD.CH.ZS,Brazil,BRA,55.80924988,56.66341019,56.86286163,58.19537735,58.82274628,59.11333466,56.49476242,55.17562103,54.61763,55.85463715,..
Domestic private health expenditure per capita (current US$),SH.XPD.PVTD.PC.CD,China,CHN,150.54588599,156.49371718,166.82314074,190.60934459,219.70583267,237.26568152,263.935884,307.8602001,319.55028826,327.46841674,..
Domestic private health expenditure per capita (current US$),SH.XPD.PVTD.PC.CD,India,IND,42.59330787,42.80723757,43.31354999,37.66368481,37.49389408,39.07150655,40.27272716,44.26339243,47.65097898,49.59456993,..
Domestic private health expenditure per capita (current US$),SH.XPD.PVTD.PC.CD,Brazil,BRA,575.20512512,451.12716937,460.70311905,555.620455,517.80737406,513.20573502,384.59853279,423.89813469,475.86991232,564.04005042,..
"Domestic private health expenditure per capita, PPP  (current international $)",SH.XPD.PVTD.PP.CD,China,CHN,250.390389140878,257.717572481284,286.104747759421,318.877516227065,355.03967628186,403.763641290194,453.677691119945,497.913017979118,568.048485636157,637.833078162818,..
"Domestic private health expenditure per capita, PPP  (current international $)",SH.XPD.PVTD.PP.CD,India,IND,142.0404375673,143.662262186857,147.408442834721,119.904617420831,125.237510571228,135.943515894963,146.864403727461,157.848247107515,181.349016207177,202.770139156058,..
"Domestic private health expenditure per capita, PPP  (current international $)",SH.XPD.PVTD.PP.CD,Brazil,BRA,741.666241550922,748.232673102902,746.048316302641,802.470021196492,860.932380056317,913.320654630589,875.387178615764,961.081534844156,1019.12049040761,1156.43574988923,..
Exclusive breastfeeding (% of children under 6 months),SH.STA.BFED.ZS,China,CHN,..,..,..,..,..,..,..,..,..,..,..
Exclusive breastfeeding (% of children under 6 months),SH.STA.BFED.ZS,India,IND,..,..,54.87259,..,58,..,..,..,..,..,..
Exclusive breastfeeding (% of children under 6 months),SH.STA.BFED.ZS,Brazil,BRA,..,..,..,..,..,..,..,..,..,..,..
External health expenditure (% of current health expenditure),SH.XPD.EHEX.CH.ZS,China,CHN,0.03018604,0.00859982,0.00161523,0.00044167,0.00064801,0.00066961,0.00024403,0.00022867,0.00671342,0.0050795,..
External health expenditure (% of current health expenditure),SH.XPD.EHEX.CH.ZS,India,IND,0.74758422,0.71176356,0.64179951,0.58871472,0.46161893,0.55651969,0.65388739,1.01271272,1.14235365,2.41318536,..
External health expenditure (% of current health expenditure),SH.XPD.EHEX.CH.ZS,Brazil,BRA,0.13800363,0.07879469,0.07913554,0.06618059,0.08539423,0.14585835,0.15294783,0.13226534,0.00565467,0.01882005,..
External health expenditure channeled through government (% of external health expenditure),SH.XPD.EHEX.EH.ZS,China,CHN,0,0,0,0,0,0,0,0,41.7463093259289,23.6698397320444,..
External health expenditure channeled through government (% of external health expenditure),SH.XPD.EHEX.EH.ZS,India,IND,49.1210283225117,47.4862413013234,46.2102216264935,35.7890895354446,40.5196674208511,45.2697432401878,61.5952051636699,73.1682920730183,58.4354887704198,85.0041421783556,..
External health expenditure channeled through government (% of external health expenditure),SH.XPD.EHEX.EH.ZS,Brazil,BRA,86.7416768211133,93.8442403253327,54.6469028849472,88.9827148009126,95.4102805350192,92.4800727224166,58.3042916681682,81.4541232158289,..,14.138985396103,..
External health expenditure per capita (current US$),SH.XPD.EHEX.PC.CD,China,CHN,0.10936009,0.03380568,0.00643142,0.00194306,0.00326668,0.00360915,0.00142259,0.00153267,0.0507156,0.03877575,..
External health expenditure per capita (current US$),SH.XPD.EHEX.PC.CD,India,IND,0.42125636,0.41370557,0.38332458,0.33361549,0.26527167,0.33775941,0.41738282,0.76510156,0.93111971,2.04364701,..
External health expenditure per capita (current US$),SH.XPD.EHEX.PC.CD,Brazil,BRA,1.42235199,0.62732587,0.64115648,0.63185923,0.75171201,1.26630207,1.04122053,1.01615587,0.04926772,0.19005153,..
"External health expenditure per capita, PPP (current international $)",SH.XPD.EHEX.PP.CD,China,CHN,0.181889500702038,0.0556719908238396,0.0110300067237302,0.00325062072775575,0.00527887439326997,0.00614182196820078,0.00244527553992242,0.00247883637544765,0.0901545679999615,0.0755262316685535,..
"External health expenditure per capita, PPP (current international $)",SH.XPD.EHEX.PP.CD,India,IND,1.40480841483012,1.38840722578964,1.30456357673492,1.06208507164266,0.886063293947787,1.17518379548348,1.52208908318297,2.72843841119216,3.54363430549619,8.35556371631137,..
"External health expenditure per capita, PPP (current international $)",SH.XPD.EHEX.PP.CD,Brazil,BRA,1.83397263276458,1.0404731654568,1.03826887408172,0.912579957281844,1.24983390766921,2.2535598464675,2.36992870485992,2.30387578157297,0.105511481749404,0.389657399593432,..
Female headed households (% of households with a female head),SP.HOU.FEMA.ZS,China,CHN,..,..,..,..,..,..,..,..,..,..,..
Female headed households (% of households with a female head),SP.HOU.FEMA.ZS,India,IND,..,..,14.6,..,..,..,..,17.5,..,..,..
Female headed households (% of households with a female head),SP.HOU.FEMA.ZS,Brazil,BRA,..,..,..,..,..,..,..,..,..,..,..
"Fertility rate, total (births per woman)",SP.DYN.TFRT.IN,China,CHN,1.769,1.67,1.772,1.795,1.539,1.496,1.236,1.117,1.034,0.999,1.013
"Fertility rate, total (births per woman)",SP.DYN.TFRT.IN,India,IND,2.293,2.289,2.284,2.193,2.184,2.12,2.047,2.014,1.994,1.975,1.962
"Fertility rate, total (births per woman)",SP.DYN.TFRT.IN,Brazil,BRA,1.775,1.777,1.727,1.74,1.744,1.705,1.653,1.638,1.629,1.619,1.614
"GNI per capita, Atlas method (current US$)",NY.GNP.PCAP.CD,China,CHN,7600,8040,8360,8830,9720,10510,10740,12220,13170,13750,13660
"GNI per capita, Atlas method (current US$)",NY.GNP.PCAP.CD,India,IND,1540,1580,1670,1790,1970,2070,1900,2170,2390,2580,2650
"GNI per capita, Atlas method (current US$)",NY.GNP.PCAP.CD,Brazil,BRA,12280,10330,9050,8830,9320,9410,8080,8060,8440,9310,9930
"Hospital beds (per 1,000 people)",SH.MED.BEDS.ZS,China,CHN,3.57,3.82,4.05,4.33,4.59,4.82,5,5.2,5.38,5.63,..
"Hospital beds (per 1,000 people)",SH.MED.BEDS.ZS,India,IND,1.72,1.7,1.68,1.66,1.64,1.62,1.61,1.59,..,..,..
"Hospital beds (per 1,000 people)",SH.MED.BEDS.ZS,Brazil,BRA,2.48,2.39,2.36,2.34,2.3,2.29,2.49,2.52,..,..,..
Human capital index (HCI) (scale 0-1),HD.HCI.OVRL,China,CHN,..,..,..,0.673,0.64709883928299,..,0.65310263633728,..,..,..,..
Human capital index (HCI) (scale 0-1),HD.HCI.OVRL,India,IND,..,..,..,0.44,0.484795808792114,..,0.493510901927948,..,..,..,..
Human capital index (HCI) (scale 0-1),HD.HCI.OVRL,Brazil,BRA,..,..,..,0.56,0.545723736286163,..,0.551497936248779,..,..,..,..
"Human capital index (HCI), female (scale 0-1)",HD.HCI.OVRL.FE,China,CHN,..,..,..,0.674,0.65461403131485,..,0.659177899360657,..,..,..,..
"Human capital index (HCI), female (scale 0-1)",HD.HCI.OVRL.FE,India,IND,..,..,..,0.451,0.491595357656479,..,0.500491142272949,..,..,..,..
"Human capital index (HCI), female (scale 0-1)",HD.HCI.OVRL.FE,Brazil,BRA,..,..,..,..,..,..,..,..,..,..,..
"Human capital index (HCI), female, lower bound (scale 0-1)",HD.HCI.OVRL.LB.FE,China,CHN,..,..,..,0.664,0.641133248806,..,0.645420134067535,..,..,..,..
"Human capital index (HCI), female, lower bound (scale 0-1)",HD.HCI.OVRL.LB.FE,India,IND,..,..,..,0.442,0.48687607049942,..,0.495500683784485,..,..,..,..
"Human capital index (HCI), female, lower bound (scale 0-1)",HD.HCI.OVRL.LB.FE,Brazil,BRA,..,..,..,..,..,..,..,..,..,..,..
"Human capital index (HCI), female, upper bound (scale 0-1)",HD.HCI.OVRL.UB.FE,China,CHN,..,..,..,0.683,0.667152404785156,..,0.671957969665527,..,..,..,..
"Human capital index (HCI), female, upper bound (scale 0-1)",HD.HCI.OVRL.UB.FE,India,IND,..,..,..,0.461,0.496322333812714,..,0.505454301834106,..,..,..,..
"Human capital index (HCI), female, upper bound (scale 0-1)",HD.HCI.OVRL.UB.FE,Brazil,BRA,..,..,..,..,..,..,..,..,..,..,..
"Human capital index (HCI), lower bound (scale 0-1)",HD.HCI.OVRL.LB,China,CHN,..,..,..,0.662,0.634328007698059,..,0.639979422092438,..,..,..,..
"Human capital index (HCI), lower bound (scale 0-1)",HD.HCI.OVRL.LB,India,IND,..,..,..,0.432,0.480792373418808,..,0.4892657995224,..,..,..,..
"Human capital index (HCI), lower bound (scale 0-1)",HD.HCI.OVRL.LB,Brazil,BRA,..,..,..,0.552,0.540151596069336,..,0.546363532543182,..,..,..,..
"Human capital index (HCI), male (scale 0-1)",HD.HCI.OVRL.MA,China,CHN,..,..,..,0.657,0.640095114707947,..,0.646641552448273,..,..,..,..
"Human capital index (HCI), male (scale 0-1)",HD.HCI.OVRL.MA,India,IND,..,..,..,0.429,0.478702425956726,..,0.48725688457489,..,..,..,..
"Human capital index (HCI), male (scale 0-1)",HD.HCI.OVRL.MA,Brazil,BRA,..,..,..,..,..,..,..,..,..,..,..
"Human capital index (HCI), male, lower bound (scale 0-1)",HD.HCI.OVRL.LB.MA,China,CHN,..,..,..,0.648,0.626458466053009,..,0.632632613182068,..,..,..,..
"Human capital index (HCI), male, lower bound (scale 0-1)",HD.HCI.OVRL.LB.MA,India,IND,..,..,..,0.421,0.473970890045166,..,0.482295364141464,..,..,..,..
"Human capital index (HCI), male, lower bound (scale 0-1)",HD.HCI.OVRL.LB.MA,Brazil,BRA,..,..,..,..,..,..,..,..,..,..,..
"Human capital index (HCI), male, upper bound (scale 0-1)",HD.HCI.OVRL.UB.MA,China,CHN,..,..,..,0.666,0.652821958065033,..,0.659694254398346,..,..,..,..
"Human capital index (HCI), male, upper bound (scale 0-1)",HD.HCI.OVRL.UB.MA,India,IND,..,..,..,0.437,0.483405113220215,..,0.492241054773331,..,..,..,..
"Human capital index (HCI), male, upper bound (scale 0-1)",HD.HCI.OVRL.UB.MA,Brazil,BRA,..,..,..,..,..,..,..,..,..,..,..
"Human capital index (HCI), upper bound (scale 0-1)",HD.HCI.OVRL.UB,China,CHN,..,..,..,0.683,0.658933520317078,..,0.665241241455078,..,..,..,..
"Human capital index (HCI), upper bound (scale 0-1)",HD.HCI.OVRL.UB,India,IND,..,..,..,0.448,0.488828241825104,..,0.49779936671257,..,..,..,..
"Human capital index (HCI), upper bound (scale 0-1)",HD.HCI.OVRL.UB,Brazil,BRA,..,..,..,0.568,0.551261603832245,..,0.556369066238403,..,..,..,..
"Immunization, BCG (% of one-year-old children)",SH.IMM.IBCG,China,CHN,99,99,99,99,99,99,99,99,99,99,99
"Immunization, BCG (% of one-year-old children)",SH.IMM.IBCG,India,IND,89,87,89,92,92,92,85,84,91,89,91
"Immunization, BCG (% of one-year-old children)",SH.IMM.IBCG,Brazil,BRA,99,99,96,94,98,85,73,69,88,79,95
"Immunization, DPT (% of children ages 12-23 months)",SH.IMM.IDPT,China,CHN,99,99,99,99,99,99,99,99,99,96,97
"Immunization, DPT (% of children ages 12-23 months)",SH.IMM.IDPT,India,IND,85,87,88,89,90,91,85,85,93,91,94
"Immunization, DPT (% of children ages 12-23 months)",SH.IMM.IDPT,Brazil,BRA,93,96,89,83,87,70,77,68,77,90,91
"Immunization, HepB3 (% of one-year-old children)",SH.IMM.HEPB,China,CHN,99,99,99,99,99,99,99,99,99,96,96
"Immunization, HepB3 (% of one-year-old children)",SH.IMM.HEPB,India,IND,77,87,88,89,90,91,85,85,93,91,94
"Immunization, HepB3 (% of one-year-old children)",SH.IMM.HEPB,Brazil,BRA,96,96,89,82,87,72,77,68,77,90,90
"Immunization, Hib3 (% of children ages 12-23 months)",SH.IMM.HIB3,China,CHN,..,..,..,..,..,..,..,..,..,..,..
"Immunization, Hib3 (% of children ages 12-23 months)",SH.IMM.HIB3,India,IND,20,45,80,89,90,91,85,85,93,91,94
"Immunization, Hib3 (% of children ages 12-23 months)",SH.IMM.HIB3,Brazil,BRA,95,96,89,79,83,72,77,68,77,90,91
"Immunization, measles (% of children ages 12-23 months)",SH.IMM.MEAS,China,CHN,99,99,99,99,99,99,99,99,99,95,95
"Immunization, measles (% of children ages 12-23 months)",SH.IMM.MEAS,India,IND,85,87,88,90,93,95,89,89,95,93,97
"Immunization, measles (% of children ages 12-23 months)",SH.IMM.MEAS,Brazil,BRA,97,96,95,87,92,91,79,73,81,87,93
"Immunization, measles second dose (% of children by the nationally recommended age)",SH.IMM.MEA2,China,CHN,99,99,99,99,99,98,99,99,99,95,95
"Immunization, measles second dose (% of children by the nationally recommended age)",SH.IMM.MEA2,India,IND,60,69,76,80,82,84,81,82,90,90,92
"Immunization, measles second dose (% of children by the nationally recommended age)",SH.IMM.MEA2,Brazil,BRA,89,80,77,67,76,54,44,46,58,64,68
"Immunization, Pol3 (% of one-year-old children)",SH.IMM.POL3,China,CHN,99,99,99,99,99,99,99,99,99,97,97
"Immunization, Pol3 (% of one-year-old children)",SH.IMM.POL3,India,IND,84,86,86,89,90,90,85,85,93,91,93
"Immunization, Pol3 (% of one-year-old children)",SH.IMM.POL3,Brazil,BRA,96,98,72,84,85,85,74,68,75,85,82
"Incidence of HIV, ages 15-24 (per 1,000 uninfected population ages 15-24)",SH.HIV.INCD.YG.P3,China,CHN,..,..,..,..,..,..,..,..,..,..,..
"Incidence of HIV, ages 15-24 (per 1,000 uninfected population ages 15-24)",SH.HIV.INCD.YG.P3,India,IND,..,..,..,..,..,..,..,..,..,..,..
"Incidence of HIV, ages 15-24 (per 1,000 uninfected population ages 15-24)",SH.HIV.INCD.YG.P3,Brazil,BRA,..,..,..,..,..,..,..,..,..,..,..
"Incidence of HIV, ages 15-49 (per 1,000 uninfected population ages 15-49)",SH.HIV.INCD.ZS,China,CHN,..,..,..,..,..,..,..,..,..,..,..
"Incidence of HIV, ages 15-49 (per 1,000 uninfected population ages 15-49)",SH.HIV.INCD.ZS,India,IND,..,..,..,..,..,..,..,..,..,..,..
"Incidence of HIV, ages 15-49 (per 1,000 uninfected population ages 15-49)",SH.HIV.INCD.ZS,Brazil,BRA,0.58,0.59,0.6,0.6,0.6,0.59,0.57,0.55,0.53,0.5,0.47
"Incidence of HIV, ages 50+ (per 1,000 uninfected population ages 50+)",SH.HIV.INCD.50.P3,China,CHN,..,..,..,..,..,..,..,..,..,..,..
"Incidence of HIV, ages 50+ (per 1,000 uninfected population ages 50+)",SH.HIV.INCD.50.P3,India,IND,..,..,..,..,..,..,..,..,..,..,..
"Incidence of HIV, ages 50+ (per 1,000 uninfected population ages 50+)",SH.HIV.INCD.50.P3,Brazil,BRA,..,..,..,..,..,..,..,..,..,..,..
"Incidence of HIV, all (per 1,000 uninfected population)",SH.HIV.INCD.TL.P3,China,CHN,..,..,..,..,..,..,..,..,..,..,..
"Incidence of HIV, all (per 1,000 uninfected population)",SH.HIV.INCD.TL.P3,India,IND,..,..,..,..,..,..,..,..,..,..,0.1
"Incidence of HIV, all (per 1,000 uninfected population)",SH.HIV.INCD.TL.P3,Brazil,BRA,0.34,0.35,0.35,0.35,0.35,0.34,0.33,0.32,0.31,0.29,0.27
"Incidence of malaria (per 1,000 population at risk)",SH.MLR.INCD.P3,China,CHN,0,0,0,0,0,0,0,..,0,..,0
"Incidence of malaria (per 1,000 population at risk)",SH.MLR.INCD.P3,India,IND,6.33,6.44,6.29,4.61,3.43,2.84,2.53,2.5,1.4,1.34,1.48
"Incidence of malaria (per 1,000 population at risk)",SH.MLR.INCD.P3,Brazil,BRA,3.61,4.02,3.2,5.32,5.23,4.24,3.95,3.47,3.21,3.81,3.75
"Incidence of tuberculosis (per 100,000 people)",SH.TBS.INCD,China,CHN,67,65,63,62,61,58,58,55,52,52,49
"Incidence of tuberculosis (per 100,000 people)",SH.TBS.INCD,India,IND,243,237,225,217,208,202,197,196,196,192,187
"Incidence of tuberculosis (per 100,000 people)",SH.TBS.INCD,Brazil,BRA,41,41,41,43,45,45,45,47,49,49,49
"Infant and young child feeding practices, all 3 IYCF (% children ages 6-23 months)",SH.STA.IYCF.ZS,China,CHN,..,..,..,..,..,..,..,..,..,..,..
"Infant and young child feeding practices, all 3 IYCF (% children ages 6-23 months)",SH.STA.IYCF.ZS,India,IND,..,9.6,9.5,..,..,..,..,11,..,..,..
"Infant and young child feeding practices, all 3 IYCF (% children ages 6-23 months)",SH.STA.IYCF.ZS,Brazil,BRA,..,..,..,..,..,..,..,..,..,..,..
Intermittent preventive treatment (IPT) of malaria in pregnancy (% of pregnant women),SH.MLR.IPTP.ZS,China,CHN,..,..,..,..,..,..,..,..,..,..,..
Intermittent preventive treatment (IPT) of malaria in pregnancy (% of pregnant women),SH.MLR.IPTP.ZS,India,IND,..,..,..,..,..,..,..,..,..,..,..
Intermittent preventive treatment (IPT) of malaria in pregnancy (% of pregnant women),SH.MLR.IPTP.ZS,Brazil,BRA,..,..,..,..,..,..,..,..,..,..,..
"Labor force, female (% of total labor force)",SL.TLF.TOTL.FE.ZS,China,CHN,44.5996068530477,44.6684886355425,44.742987899293,44.8309504332733,44.9255174799177,45.0115343044987,44.9547676272311,45.1150578228708,45.2034021474474,45.2834854096898,45.3488013415244
"Labor force, female (% of total labor force)",SL.TLF.TOTL.FE.ZS,India,IND,24.3029750032092,24.3590784230794,24.4337880971946,24.5196387309549,24.5975525560696,24.6620426287145,24.5059963511351,25.6511321916829,26.6147411953148,27.5277753691858,28.311817927669
"Labor force, female (% of total labor force)",SL.TLF.TOTL.FE.ZS,Brazil,BRA,42.033097551076,42.3754441598679,42.5375348108722,43.0557704870793,43.2677330746062,43.596293445255,42.5816100206282,43.0075756040014,43.4208190589127,43.3245861425663,43.3488838201591
"Labor force, total",SL.TLF.TOTL.IN,China,CHN,780370287,781077009,780932880,779166682,776868988,775928449,760877838,781187865,770113477,774607590,768163717
"Labor force, total",SL.TLF.TOTL.IN,India,IND,492680645,500640619,508681288,516713963,524292869,531373378,532528354,550352877,569155867,589486854,608500805
"Labor force, total",SL.TLF.TOTL.IN,Brazil,BRA,98900006,100587656,101885554,103476109,104554923,106262669,100001874,104085430,106610573,106356432,107871864
"Life expectancy at birth, female (years)",SP.DYN.LE00.FE.IN,China,CHN,79.51,79.785,80.052,80.27,80.573,80.747,80.999,80.912,81.133,80.926,80.966
"Life expectancy at birth, female (years)",SP.DYN.LE00.FE.IN,India,IND,70.567,70.94,71.297,71.632,71.963,72.287,71.938,68.835,73.271,73.598,73.856
"Life expectancy at birth, female (years)",SP.DYN.LE00.FE.IN,Brazil,BRA,78.273,78.472,78.539,78.781,78.977,79.023,77.599,76.401,78.094,78.983,79.145
"Life expectancy at birth, male (years)",SP.DYN.LE00.MA.IN,China,CHN,74.119,74.365,74.575,74.448,75.034,75.303,75.245,75.486,75.467,75.201,75.249
"Life expectancy at birth, male (years)",SP.DYN.LE00.MA.IN,India,IND,67.416,67.827,68.231,68.61,68.973,69.312,68.529,65.87,70.237,70.522,70.729
"Life expectancy at birth, male (years)",SP.DYN.LE00.MA.IN,Brazil,BRA,71.462,71.818,71.716,72.069,72.365,72.653,71.537,69.81,71.73,72.76,72.95
"Life expectancy at birth, total (years)",SP.DYN.LE00.IN,China,CHN,76.714,76.975,77.214,77.235,77.709,77.94,78.019,78.117,78.202,77.953,78.017
"Life expectancy at birth, total (years)",SP.DYN.LE00.IN,India,IND,68.932,69.326,69.709,70.068,70.415,70.746,70.156,67.282,71.698,72.003,72.235
"Life expectancy at birth, total (years)",SP.DYN.LE00.IN,Brazil,BRA,74.823,75.106,75.081,75.383,75.633,75.809,74.506,73.038,74.872,75.848,76.023
Lifetime risk of maternal death (%),SH.MMR.RISK.ZS,China,CHN,0.044756848268753,0.0388180195046921,0.0384312560135924,0.0367170529759052,0.0289699078499759,0.0268390839232387,0.0207042908686329,0.0195388659616456,0.0155989585501403,0.0131920135206366,..
Lifetime risk of maternal death (%),SH.MMR.RISK.ZS,India,IND,0.318615114333022,0.29587173391399,0.274618372126596,0.245857820138793,0.231104360820657,0.21120860015659,0.202170838563706,0.304152105923377,0.174890497574788,0.155073471105069,..
Lifetime risk of maternal death (%),SH.MMR.RISK.ZS,Brazil,BRA,0.106045670260473,0.10488759397577,0.102414700820188,0.0984339203802137,0.100303947909106,0.100960441725636,0.127504895229096,0.188629877743384,0.151849015101862,0.0964280845728622,..
Lifetime risk of maternal death (1 in: rate varies by country),SH.MMR.RISK,China,CHN,2234,2576,2602,2724,3452,3726,4830,5118,6411,7580,..
Lifetime risk of maternal death (1 in: rate varies by country),SH.MMR.RISK,India,IND,314,338,364,407,433,473,495,329,572,645,..
Lifetime risk of maternal death (1 in: rate varies by country),SH.MMR.RISK,Brazil,BRA,943,953,976,1016,997,990,784,530,659,1037,..
"Literacy rate, adult female (% of females ages 15 and above)",SE.ADT.LITR.FE.ZS,China,CHN,..,..,..,..,..,..,95.0500030517578,..,..,..,..
"Literacy rate, adult female (% of females ages 15 and above)",SE.ADT.LITR.FE.ZS,India,IND,..,..,..,..,65.2235287519263,66.9856882300986,67.5732651200292,68.2001669604087,69.0999984741211,74.8600006103516,70.7386770919019
"Literacy rate, adult female (% of females ages 15 and above)",SE.ADT.LITR.FE.ZS,Brazil,BRA,92.0599975585938,92.3399963378906,93.0199966430664,93.2399978637695,93.4300003051758,94.1479802818569,94.969898576159,95.0289789623558,94.6464003280731,94.859716066824,95.0100021362305
"Literacy rate, adult male (% of males ages 15 and above)",SE.ADT.LITR.MA.ZS,China,CHN,..,..,..,..,..,..,98.379997253418,..,..,..,..
"Literacy rate, adult male (% of males ages 15 and above)",SE.ADT.LITR.MA.ZS,India,IND,..,..,..,..,81.9915266673935,82.7755272824041,83.3278967147349,83.8821930381623,83.4499969482422,88.3099975585938,85.6937156128627
"Literacy rate, adult male (% of males ages 15 and above)",SE.ADT.LITR.MA.ZS,Brazil,BRA,91.370002746582,91.7300033569336,92.5800018310547,92.8899993896484,93.0100021362305,93.6192838862727,94.5029985717557,94.498081416589,94.0878828490769,94.2648848367754,94.4499969482422
"Literacy rate, adult total (% of people ages 15 and above)",SE.ADT.LITR.ZS,China,CHN,..,..,..,..,..,..,96.7399978637695,..,..,..,..
"Literacy rate, adult total (% of people ages 15 and above)",SE.ADT.LITR.ZS,India,IND,..,..,..,..,73.6883524760717,74.8938629973395,75.5270629470344,76.0596617430205,76.3199996948242,81.6999969482422,78.1625330351403
"Literacy rate, adult total (% of people ages 15 and above)",SE.ADT.LITR.ZS,Brazil,BRA,91.7300033569336,92.0500030517578,92.8099975585938,93.0800018310547,93.2300033569336,93.8926266999537,94.7444114331042,94.7726170886975,94.376866160108,94.5725490635077,94.7399978637695
"Literacy rate, youth male (% of males ages 15-24)",SE.ADT.1524.LT.MA.ZS,China,CHN,..,..,..,..,..,..,99.75,..,..,..,..
"Literacy rate, youth male (% of males ages 15-24)",SE.ADT.1524.LT.MA.ZS,India,IND,..,..,93.5500030517578,..,96.3076261559778,96.2428905222007,96.5368465179683,97.0747038269129,97.4400024414062,97.9300003051758,97.9901116105317
"Literacy rate, youth male (% of males ages 15-24)",SE.ADT.1524.LT.MA.ZS,Brazil,BRA,98.4499969482422,98.5999984741211,98.7799987792969,98.8399963378906,98.9800033569336,98.7,99,99.1,99,99,99.2399978637695
"Literacy rate, youth total (% of people ages 15-24)",SE.ADT.1524.LT.ZS,China,CHN,..,..,..,..,..,..,99.7600021362305,..,..,..,..
"Literacy rate, youth total (% of people ages 15-24)",SE.ADT.1524.LT.ZS,India,IND,..,..,90.2900009155273,..,94.6062793409244,94.7674702180886,95.675096052413,95.8899228556846,96.5400009155273,97.0400009155273,97.3386000977043
"Literacy rate, youth total (% of people ages 15-24)",SE.ADT.1524.LT.ZS,Brazil,BRA,98.8499984741211,98.9599990844727,99.1100006103516,99.1600036621094,99.1999969482422,99.1,99.2,99.3,99.3,99.3,99.4599990844727
Low-birthweight babies (% of births),SH.STA.BRTW.ZS,China,CHN,5.064320362,5.037357965,5.008052354,4.981858305,4.963477394,4.962522124,4.973518577,..,..,..,..
Low-birthweight babies (% of births),SH.STA.BRTW.ZS,India,IND,28.94782702,28.66160295,28.36879643,28.08633456,27.8332971,27.62056764,27.43525934,..,..,..,..
Low-birthweight babies (% of births),SH.STA.BRTW.ZS,Brazil,BRA,8.436405842,8.496267276,8.553059488,8.601920539,8.640901624,8.671332659,8.698070886,..,..,..,..
Malaria cases reported,SH.STA.MALR,China,CHN,53,39,1,0,0,0,0,..,0,..,0
Malaria cases reported,SH.STA.MALR,India,IND,1102205,1169261,1087285,844558,429928,338494,299071,304741,266949,227564,246696
Malaria cases reported,SH.STA.MALR,Brazil,BRA,137888,141229,124177,189559,187757,153294,143395,139021,129000,140261,138620
Maternal leave benefits (% of wages paid in covered period),SH.MMR.WAGE.ZS,China,CHN,..,100,..,100,..,..,..,..,..,..,..
Maternal leave benefits (% of wages paid in covered period),SH.MMR.WAGE.ZS,India,IND,..,100,..,100,..,..,..,..,..,..,..
Maternal leave benefits (% of wages paid in covered period),SH.MMR.WAGE.ZS,Brazil,BRA,..,100,..,100,..,..,..,..,..,..,..
"Maternal mortality ratio (modeled estimate, per 100,000 live births)",SH.STA.MMRT,China,CHN,28,26,25,24,22,21,20,21,18,16,..
"Maternal mortality ratio (modeled estimate, per 100,000 live births)",SH.STA.MMRT,India,IND,137,129,121,113,107,101,101,155,90,80,..
"Maternal mortality ratio (modeled estimate, per 100,000 live births)",SH.STA.MMRT,Brazil,BRA,63,63,64,61,62,65,85,128,104,67,..
"Maternal mortality ratio (national estimate, per 100,000 live births)",SH.STA.MMRT.NE,China,CHN,21.7,20.1,19.9,19.6,18.3,17.8,..,..,..,..,..
"Maternal mortality ratio (national estimate, per 100,000 live births)",SH.STA.MMRT.NE,India,IND,..,130,..,..,..,..,..,..,..,..,..
"Maternal mortality ratio (national estimate, per 100,000 live births)",SH.STA.MMRT.NE,Brazil,BRA,63.8,62,64.4,64.5,59.1,57.9,74.7,117.4,57.7,..,..
"Mortality caused by road traffic injury (per 100,000 people)",SH.STA.TRAF.P5,China,CHN,18.8,18.3,18,17.8,17.6,17.4,..,..,..,..,..
"Mortality caused by road traffic injury (per 100,000 people)",SH.STA.TRAF.P5,India,IND,16.1,15.6,15.3,15.2,15.5,15.6,..,..,..,..,..
"Mortality caused by road traffic injury (per 100,000 people)",SH.STA.TRAF.P5,Brazil,BRA,23.6,20.8,19.9,18.7,17.1,16,..,..,..,..,..
"Mortality caused by road traffic injury, female (per 100,000 female population)",SH.STA.TRAF.FE.P5,China,CHN,9.5,9.2,9.2,9.1,9,8.9,..,..,..,..,..
"Mortality caused by road traffic injury, female (per 100,000 female population)",SH.STA.TRAF.FE.P5,India,IND,7,7,7,6.9,7,7,..,..,..,..,..
"Mortality caused by road traffic injury, female (per 100,000 female population)",SH.STA.TRAF.FE.P5,Brazil,BRA,8.5,7.3,7,6.7,5.8,5.6,..,..,..,..,..
"Mortality caused by road traffic injury, male (per 100,000 male population)",SH.STA.TRAF.MA.P5,China,CHN,27.6,26.8,26.4,26,25.7,25.3,..,..,..,..,..
"Mortality caused by road traffic injury, male (per 100,000 male population)",SH.STA.TRAF.MA.P5,India,IND,24.6,23.5,23,22.7,23.4,23.4,..,..,..,..,..
"Mortality caused by road traffic injury, male (per 100,000 male population)",SH.STA.TRAF.MA.P5,Brazil,BRA,39.2,34.6,33.2,31.1,28.9,26.9,..,..,..,..,..
"Mortality from CVD, cancer, diabetes or CRD between exact ages 30 and 70 (%)",SH.DYN.NCOM.ZS,China,CHN,17.5,17.1,16.8,16.5,16.2,16,15.8,15.9,..,..,..
"Mortality from CVD, cancer, diabetes or CRD between exact ages 30 and 70 (%)",SH.DYN.NCOM.ZS,India,IND,22,22.6,22.8,23,23.6,23.7,23.3,23.6,..,..,..
"Mortality from CVD, cancer, diabetes or CRD between exact ages 30 and 70 (%)",SH.DYN.NCOM.ZS,Brazil,BRA,16.1,16.1,16.2,15.7,15.4,15.1,14.7,14.5,..,..,..
"Mortality from CVD, cancer, diabetes or CRD between exact ages 30 and 70, female (%)",SH.DYN.NCOM.FE.ZS,China,CHN,12.3,12.1,11.9,11.8,11.7,11.6,11.2,11.6,..,..,..
"Mortality from CVD, cancer, diabetes or CRD between exact ages 30 and 70, female (%)",SH.DYN.NCOM.FE.ZS,India,IND,19.1,19.7,20,20.2,20.7,20.6,20.1,23,..,..,..
"Mortality from CVD, cancer, diabetes or CRD between exact ages 30 and 70, female (%)",SH.DYN.NCOM.FE.ZS,Brazil,BRA,13.1,13.1,13.1,12.8,12.5,12.4,12,12,..,..,..
"Mortality from CVD, cancer, diabetes or CRD between exact ages 30 and 70, male (%)",SH.DYN.NCOM.MA.ZS,China,CHN,22.4,22,21.7,21.1,20.7,20.4,20.5,20.1,..,..,..
"Mortality from CVD, cancer, diabetes or CRD between exact ages 30 and 70, male (%)",SH.DYN.NCOM.MA.ZS,India,IND,24.9,25.4,25.5,25.6,26.5,26.7,26.4,24.1,..,..,..
"Mortality from CVD, cancer, diabetes or CRD between exact ages 30 and 70, male (%)",SH.DYN.NCOM.MA.ZS,Brazil,BRA,19.4,19.3,19.5,18.8,18.4,18,17.6,17.3,..,..,..
"Mortality rate attributed to household and ambient air pollution (per 100,000 population)",SH.STA.AIRP.P5,China,CHN,..,..,..,..,..,95.3,..,..,..,..,..
"Mortality rate attributed to household and ambient air pollution (per 100,000 population)",SH.STA.AIRP.P5,India,IND,..,..,..,..,..,139.3,..,..,..,..,..
"Mortality rate attributed to household and ambient air pollution (per 100,000 population)",SH.STA.AIRP.P5,Brazil,BRA,..,..,..,..,..,28.9,..,..,..,..,..
"Mortality rate attributed to household and ambient air pollution, age-standardized, female (per 100,000 female population)",SH.STA.AIRP.FE.P5,China,CHN,..,..,..,..,..,73.5,..,..,..,..,..
"Mortality rate attributed to household and ambient air pollution, age-standardized, female (per 100,000 female population)",SH.STA.AIRP.FE.P5,India,IND,..,..,..,..,..,119.9,..,..,..,..,..
"Mortality rate attributed to household and ambient air pollution, age-standardized, female (per 100,000 female population)",SH.STA.AIRP.FE.P5,Brazil,BRA,..,..,..,..,..,23.5,..,..,..,..,..
"Mortality rate attributed to household and ambient air pollution, age-standardized, male (per 100,000 male population)",SH.STA.AIRP.MA.P5,China,CHN,..,..,..,..,..,121.5,..,..,..,..,..
"Mortality rate attributed to household and ambient air pollution, age-standardized, male (per 100,000 male population)",SH.STA.AIRP.MA.P5,India,IND,..,..,..,..,..,159.7,..,..,..,..,..
"Mortality rate attributed to household and ambient air pollution, age-standardized, male (per 100,000 male population)",SH.STA.AIRP.MA.P5,Brazil,BRA,..,..,..,..,..,35.8,..,..,..,..,..
"Mortality rate attributed to unintentional poisoning (per 100,000 population)",SH.STA.POIS.P5,China,CHN,1.81,1.78,1.75,1.69,1.63,1.57,1.52,1.47,..,..,..
"Mortality rate attributed to unintentional poisoning (per 100,000 population)",SH.STA.POIS.P5,India,IND,0.17,0.17,0.16,0.16,0.15,0.16,0.13,0.12,..,..,..
"Mortality rate attributed to unintentional poisoning (per 100,000 population)",SH.STA.POIS.P5,Brazil,BRA,0.19,0.19,0.14,0.15,0.16,0.14,0.17,0.14,..,..,..
"Mortality rate attributed to unintentional poisoning, female (per 100,000 female population)",SH.STA.POIS.P5.FE,China,CHN,1.47,1.44,1.41,1.37,1.33,1.28,1.21,1.22,..,..,..
"Mortality rate attributed to unintentional poisoning, female (per 100,000 female population)",SH.STA.POIS.P5.FE,India,IND,0.092,0.095,0.088,0.086,0.079,0.09,0.075,0.074,..,..,..
"Mortality rate attributed to unintentional poisoning, female (per 100,000 female population)",SH.STA.POIS.P5.FE,Brazil,BRA,0.11,0.1,0.079,0.091,0.092,0.092,0.12,0.08,..,..,..
"Mortality rate attributed to unintentional poisoning, male (per 100,000 male population)",SH.STA.POIS.P5.MA,China,CHN,2.14,2.12,2.08,2,1.92,1.85,1.81,1.71,..,..,..
"Mortality rate attributed to unintentional poisoning, male (per 100,000 male population)",SH.STA.POIS.P5.MA,India,IND,0.25,0.24,0.22,0.22,0.21,0.23,0.19,0.17,..,..,..
"Mortality rate attributed to unintentional poisoning, male (per 100,000 male population)",SH.STA.POIS.P5.MA,Brazil,BRA,0.28,0.29,0.2,0.22,0.22,0.18,0.22,0.19,..,..,..
"Mortality rate attributed to unsafe water, unsafe sanitation and lack of hygiene (per 100,000 population)",SH.STA.WASH.P5,China,CHN,..,..,..,..,..,2.2,..,..,..,..,..
"Mortality rate attributed to unsafe water, unsafe sanitation and lack of hygiene (per 100,000 population)",SH.STA.WASH.P5,India,IND,..,..,..,..,..,36.4,..,..,..,..,..
"Mortality rate attributed to unsafe water, unsafe sanitation and lack of hygiene (per 100,000 population)",SH.STA.WASH.P5,Brazil,BRA,..,..,..,..,..,6.6,..,..,..,..,..
"Mortality rate attributed to unsafe water, unsafe sanitation and lack of hygiene, female (per 100,000 female population)",SH.STA.WASH.FE.P5,China,CHN,..,..,..,..,..,2,..,..,..,..,..
"Mortality rate attributed to unsafe water, unsafe sanitation and lack of hygiene, female (per 100,000 female population)",SH.STA.WASH.FE.P5,India,IND,..,..,..,..,..,45.4,..,..,..,..,..
"Mortality rate attributed to unsafe water, unsafe sanitation and lack of hygiene, female (per 100,000 female population)",SH.STA.WASH.FE.P5,Brazil,BRA,..,..,..,..,..,6.7,..,..,..,..,..
"Mortality rate attributed to unsafe water, unsafe sanitation and lack of hygiene, male (per 100,000 male population)",SH.STA.WASH.MA.P5,China,CHN,..,..,..,..,..,2.5,..,..,..,..,..
"Mortality rate attributed to unsafe water, unsafe sanitation and lack of hygiene, male (per 100,000 male population)",SH.STA.WASH.MA.P5,India,IND,..,..,..,..,..,28.1,..,..,..,..,..
"Mortality rate attributed to unsafe water, unsafe sanitation and lack of hygiene, male (per 100,000 male population)",SH.STA.WASH.MA.P5,Brazil,BRA,..,..,..,..,..,6.5,..,..,..,..,..
"Mortality rate, adult, female (per 1,000 female adults)",SP.DYN.AMRT.FE,China,CHN,63.521,62.188,60.855,59.79,58.145,57.27,55.87,57.385,54.831,55.272,55.973
"Mortality rate, adult, female (per 1,000 female adults)",SP.DYN.AMRT.FE,India,IND,142.189,141.371,140.3,138.988,137.206,134.926,139.425,184.498,125.543,122.021,120.858
"Mortality rate, adult, female (per 1,000 female adults)",SP.DYN.AMRT.FE,Brazil,BRA,91.345,89.318,89.504,85.377,83.265,82.86,93.221,122.951,95.437,85.735,83.419
"Mortality rate, adult, male (per 1,000 male adults)",SP.DYN.AMRT.MA,China,CHN,121.058,119.046,117.26,118.975,113.085,110.506,112.888,110.958,107.752,107.862,111.022
"Mortality rate, adult, male (per 1,000 male adults)",SP.DYN.AMRT.MA,India,IND,208.354,205.008,201.451,197.986,194.523,191.12,199.714,251.736,181.136,177.914,175.63
"Mortality rate, adult, male (per 1,000 male adults)",SP.DYN.AMRT.MA,Brazil,BRA,190.816,185.465,185.917,178.99,173.671,167.856,183.092,220.459,183.793,168.837,169.804
"Mortality rate, infant (per 1,000 live births)",SP.DYN.IMRT.IN,China,CHN,8.9,8.2,7.6,7,6.4,6,5.5,5.1,4.8,4.4,4.1
"Mortality rate, infant (per 1,000 live births)",SP.DYN.IMRT.IN,India,IND,38.2,36.3,34.6,32.9,31.3,29.8,28.3,27,25.7,24.5,23.3
"Mortality rate, infant (per 1,000 live births)",SP.DYN.IMRT.IN,Brazil,BRA,14,13.7,14.6,13.3,13.1,12.9,12.8,12.7,12.6,12.4,12.3
"Mortality rate, infant, female (per 1,000 live births)",SP.DYN.IMRT.FE.IN,China,CHN,8.3,7.7,7.1,6.6,6.1,5.6,5.2,4.8,4.5,4.2,3.9
"Mortality rate, infant, female (per 1,000 live births)",SP.DYN.IMRT.FE.IN,India,IND,38.7,36.7,34.9,33.1,31.4,29.8,28.3,26.8,25.5,24.2,23
"Mortality rate, infant, female (per 1,000 live births)",SP.DYN.IMRT.FE.IN,Brazil,BRA,12.4,12.1,13,11.7,11.6,11.4,11.3,11.2,11.1,11,10.8
"Mortality rate, infant, male (per 1,000 live births)",SP.DYN.IMRT.MA.IN,China,CHN,9.5,8.7,8,7.4,6.8,6.3,5.8,5.4,5,4.6,4.3
"Mortality rate, infant, male (per 1,000 live births)",SP.DYN.IMRT.MA.IN,India,IND,37.7,35.9,34.3,32.6,31.2,29.7,28.4,27.1,25.9,24.7,23.6
"Mortality rate, infant, male (per 1,000 live births)",SP.DYN.IMRT.MA.IN,Brazil,BRA,15.6,15.3,16.1,14.7,14.5,14.4,14.2,14.1,14,13.8,13.6
"Mortality rate, neonatal (per 1,000 live births)",SH.DYN.NMRT,China,CHN,5.8,5.3,4.9,4.5,4.1,3.8,3.5,3.2,3,2.8,2.6
"Mortality rate, neonatal (per 1,000 live births)",SH.DYN.NMRT,India,IND,27.1,26,25,24,23,21.8,20.6,19.5,18.5,17.5,16.7
"Mortality rate, neonatal (per 1,000 live births)",SH.DYN.NMRT,Brazil,BRA,9.7,9.5,10.1,9.2,9.1,9.2,9.2,8.9,8.3,7.6,7.1
"Mortality rate, under-5 (per 1,000)",SH.DYN.MORT,China,CHN,11.6,10.7,10,9.3,8.6,8,7.5,7,6.6,6.1,5.7
"Mortality rate, under-5 (per 1,000)",SH.DYN.MORT,India,IND,46.4,43.7,41.3,39,36.9,34.9,33,31.2,29.5,28,26.6
"Mortality rate, under-5 (per 1,000)",SH.DYN.MORT,Brazil,BRA,16.3,16,16.8,15.4,15.2,15,14.9,14.7,14.6,14.4,14.2
"Mortality rate, under-5, female (per 1,000)",SH.DYN.MORT.FE,China,CHN,10.8,10.1,9.4,8.7,8.1,7.6,7.1,6.6,6.2,5.8,5.4
"Mortality rate, under-5, female (per 1,000)",SH.DYN.MORT.FE,India,IND,48.1,45.2,42.5,40,37.7,35.5,33.5,31.5,29.8,28.1,26.7
"Mortality rate, under-5, female (per 1,000)",SH.DYN.MORT.FE,Brazil,BRA,14.4,14.1,15,13.7,13.5,13.3,13.2,13,12.9,12.8,12.6
"Mortality rate, under-5, male (per 1,000)",SH.DYN.MORT.MA,China,CHN,12.2,11.3,10.5,9.8,9.1,8.5,7.9,7.4,6.9,6.4,6
"Mortality rate, under-5, male (per 1,000)",SH.DYN.MORT.MA,India,IND,44.6,42.3,40.1,38.1,36.1,34.3,32.5,30.9,29.3,27.9,26.5
"Mortality rate, under-5, male (per 1,000)",SH.DYN.MORT.MA,Brazil,BRA,18.1,17.7,18.5,17.1,16.9,16.6,16.5,16.3,16.2,16,15.7
Net migration,SM.POP.NETM,China,CHN,-371108,-646941,-153056,-94625,-198206,-656091,-91577,-379749,-293846,-567724,-318992
Net migration,SM.POP.NETM,India,IND,-227263,-655085,81248,-251642,-589794,-978969,-73806,-348916,-1353478,-979179,-630830
Net migration,SM.POP.NETM,Brazil,BRA,-145732,-173611,-92989,-156296,-230334,-129216,-78437,-208581,-253639,-240059,-225510
Newborns protected against tetanus (%),SH.VAC.TTNS.ZS,China,CHN,..,..,..,..,..,..,..,..,..,..,..
Newborns protected against tetanus (%),SH.VAC.TTNS.ZS,India,IND,87,87,87,90,90,90,90,90,93,93,93
Newborns protected against tetanus (%),SH.VAC.TTNS.ZS,Brazil,BRA,93,93,93,94,94,94,96,96,96,96,94
Number of deaths ages 10-14 years,SH.DTH.1014,China,CHN,17486,16986,16555,16302,16171,16139,16086,15965,15910,15819,15593
Number of deaths ages 10-14 years,SH.DTH.1014,India,IND,87937,83953,79733,75588,71688,68134,64878,61919,59198,56743,54351
Number of deaths ages 10-14 years,SH.DTH.1014,Brazil,BRA,5473,5285,5089,4888,4694,4518,4390,4334,4351,4417,4512
"Number of deaths ages 10-14 years, female",SH.DTH.1014.FE,China,CHN,5869,5723,5585,5524,5496,5512,5506,5483,5498,5487,5443
"Number of deaths ages 10-14 years, female",SH.DTH.1014.FE,India,IND,39501,37457,35375,33364,31594,29935,28363,26965,25597,24455,23367
"Number of deaths ages 10-14 years, female",SH.DTH.1014.FE,Brazil,BRA,2124,2058,1988,1916,1846,1784,1738,1721,1732,1758,1797
"Number of deaths ages 10-14 years, male",SH.DTH.1014.MA,China,CHN,11617,11263,10970,10778,10675,10627,10580,10482,10412,10332,10150
"Number of deaths ages 10-14 years, male",SH.DTH.1014.MA,India,IND,48436,46496,44358,42224,40094,38199,36515,34954,33601,32288,30984
"Number of deaths ages 10-14 years, male",SH.DTH.1014.MA,Brazil,BRA,3349,3227,3101,2972,2848,2734,2652,2613,2619,2659,2715
Number of deaths ages 10-19 years,SH.DTH.1019,China,CHN,44920,43130,41578,40210,39156,38385,37516,36824,36407,36000,35578
Number of deaths ages 10-19 years,SH.DTH.1019,India,IND,215215,205451,196419,188177,180716,174003,167781,161588,155440,149618,144214
Number of deaths ages 10-19 years,SH.DTH.1019,Brazil,BRA,29227,29224,28512,27195,25540,23865,22386,21166,20170,19350,18659
"Number of deaths ages 10-19 years, female",SH.DTH.1019.FE,China,CHN,13471,12875,12379,11964,11649,11435,11184,10997,10914,10834,10751
"Number of deaths ages 10-19 years, female",SH.DTH.1019.FE,India,IND,99547,94414,89421,85089,81256,77708,74738,71437,68236,65487,63000
"Number of deaths ages 10-19 years, female",SH.DTH.1019.FE,Brazil,BRA,6954,6891,6717,6441,6084,5738,5480,5308,5186,5090,5067
"Number of deaths ages 10-19 years, male",SH.DTH.1019.MA,China,CHN,31449,30255,29199,28246,27507,26950,26332,25827,25493,25166,24827
"Number of deaths ages 10-19 years, male",SH.DTH.1019.MA,India,IND,115668,111037,106998,103088,99460,96295,93043,90151,87204,84131,81214
"Number of deaths ages 10-19 years, male",SH.DTH.1019.MA,Brazil,BRA,22273,22333,21795,20754,19456,18127,16906,15858,14984,14260,13592
Number of deaths ages 15-19 years,SH.DTH.1519,China,CHN,27434,26144,25023,23908,22985,22246,21430,20859,20497,20181,19985
Number of deaths ages 15-19 years,SH.DTH.1519,India,IND,127278,121498,116686,112589,109028,105869,102903,99669,96242,92875,89863
Number of deaths ages 15-19 years,SH.DTH.1519,Brazil,BRA,23754,23939,23423,22307,20846,19347,17996,16832,15819,14933,14147
"Number of deaths ages 15-19 years, female",SH.DTH.1519.FE,China,CHN,7602,7152,6794,6440,6153,5923,5678,5514,5416,5347,5308
"Number of deaths ages 15-19 years, female",SH.DTH.1519.FE,India,IND,60046,56957,54046,51725,49662,47773,46375,44472,42639,41032,39633
"Number of deaths ages 15-19 years, female",SH.DTH.1519.FE,Brazil,BRA,4830,4833,4729,4525,4238,3954,3742,3587,3454,3332,3270
"Number of deaths ages 15-19 years, male",SH.DTH.1519.MA,China,CHN,19832,18992,18229,17468,16832,16323,15752,15345,15081,14834,14677
"Number of deaths ages 15-19 years, male",SH.DTH.1519.MA,India,IND,67232,64541,62640,60864,59366,58096,56528,55197,53603,51843,50230
"Number of deaths ages 15-19 years, male",SH.DTH.1519.MA,Brazil,BRA,18924,19106,18694,17782,16608,15393,14254,13245,12365,11601,10877
Number of deaths ages 20-24 years,SH.DTH.2024,China,CHN,57320,52782,49095,46756,44889,43080,41689,40654,39801,38834,38232
Number of deaths ages 20-24 years,SH.DTH.2024,India,IND,171123,164201,158157,152902,148438,144749,141835,139460,137407,135686,134327
Number of deaths ages 20-24 years,SH.DTH.2024,Brazil,BRA,30079,30303,30335,30160,29866,29485,28945,28185,27183,25953,24673
"Number of deaths ages 20-24 years, female",SH.DTH.2024.FE,China,CHN,14813,13356,12230,11481,10882,10336,9911,9617,9377,9128,8961
"Number of deaths ages 20-24 years, female",SH.DTH.2024.FE,India,IND,74307,70483,67129,64025,60994,58153,57361,55711,54365,53459,52752
"Number of deaths ages 20-24 years, female",SH.DTH.2024.FE,Brazil,BRA,5238,5260,5254,5277,5289,5346,5344,5325,5192,5005,4997
"Number of deaths ages 20-24 years, male",SH.DTH.2024.MA,China,CHN,42507,39426,36865,35275,34007,32744,31778,31037,30424,29706,29271
"Number of deaths ages 20-24 years, male",SH.DTH.2024.MA,India,IND,96816,93718,91028,88877,87444,86596,84474,83749,83042,82227,81575
"Number of deaths ages 20-24 years, male",SH.DTH.2024.MA,Brazil,BRA,24841,25043,25081,24883,24577,24139,23601,22860,21991,20948,19676
Number of deaths ages 5-9 years,SH.DTH.0509,China,CHN,19176,18865,18495,18203,17893,17455,16973,16512,16005,15192,14142
Number of deaths ages 5-9 years,SH.DTH.0509,India,IND,96501,89162,82445,76385,70719,65248,60038,55497,51420,48001,45212
Number of deaths ages 5-9 years,SH.DTH.0509,Brazil,BRA,3961,3828,3691,3558,3435,3334,3275,3260,3286,3345,3404
"Number of deaths ages 5-9 years, female",SH.DTH.0509.FE,China,CHN,6786,6692,6584,6510,6426,6295,6149,6004,5850,5582,5219
"Number of deaths ages 5-9 years, female",SH.DTH.0509.FE,India,IND,44747,41094,37790,34800,32064,29506,27109,25027,23189,21660,20434
"Number of deaths ages 5-9 years, female",SH.DTH.0509.FE,Brazil,BRA,1685,1634,1579,1526,1477,1439,1416,1413,1427,1453,1478
"Number of deaths ages 5-9 years, male",SH.DTH.0509.MA,China,CHN,12390,12173,11911,11693,11467,11160,10824,10508,10155,9610,8923
"Number of deaths ages 5-9 years, male",SH.DTH.0509.MA,India,IND,51754,48068,44655,41585,38655,35742,32929,30470,28231,26341,24778
"Number of deaths ages 5-9 years, male",SH.DTH.0509.MA,Brazil,BRA,2276,2194,2112,2032,1958,1895,1859,1847,1859,1892,1926
Number of infant deaths,SH.DTH.IMRT,China,CHN,164971,148623,135480,127502,108025,89261,72879,57002,47242,40319,36113
Number of infant deaths,SH.DTH.IMRT,India,IND,968037,906137,864666,811465,763495,721385,670895,627983,595743,566617,539573
Number of infant deaths,SH.DTH.IMRT,Brazil,BRA,41195,40528,42432,38179,37770,36786,35267,34062,33314,32508,31647
"Number of infant deaths, female",SH.DTH.IMRT.FE,China,CHN,71287,64505,58931,55883,47643,39268,32244,25559,21208,18107,16227
"Number of infant deaths, female",SH.DTH.IMRT.FE,India,IND,469236,438376,417649,391442,367562,346690,321796,300608,284660,270449,257082
"Number of infant deaths, female",SH.DTH.IMRT.FE,Brazil,BRA,17786,17496,18502,16498,16324,15898,15243,14721,14394,14064,13695
"Number of infant deaths, male",SH.DTH.IMRT.MA,China,CHN,93684,84118,76549,71619,60382,49993,40635,31443,26034,22212,19886
"Number of infant deaths, male",SH.DTH.IMRT.MA,India,IND,498801,467761,447017,420023,395933,374695,349099,327375,311083,296168,282491
"Number of infant deaths, male",SH.DTH.IMRT.MA,Brazil,BRA,23409,23032,23930,21681,21446,20888,20024,19341,18920,18444,17952
Number of maternal deaths,SH.MMR.DTHS,China,CHN,5300,4600,4500,4300,3400,3100,2300,2200,1700,1400,..
Number of maternal deaths,SH.MMR.DTHS,India,IND,34000,32000,30000,28000,26000,24000,24000,36000,21000,19000,..
Number of maternal deaths,SH.MMR.DTHS,Brazil,BRA,1900,1900,1800,1800,1800,1800,2300,3400,2700,1700,..
Number of neonatal deaths,SH.DTH.NMRT,China,CHN,109198,93469,89184,81412,63127,55063,41391,33761,28333,24806,22892
Number of neonatal deaths,SH.DTH.NMRT,India,IND,679296,654101,629356,586817,565729,525925,484566,455422,430573,407112,386212
Number of neonatal deaths,SH.DTH.NMRT,Brazil,BRA,28736,28210,28914,26613,26401,25783,24870,23776,21873,19768,18331
Number of people pushed below the $2.15 ($ 2017 PPP) poverty line by out-of-pocket health care expenditure,SH.UHC.NOP1.TO,China,CHN,..,..,..,..,..,..,..,..,..,..,..
Number of people pushed below the $2.15 ($ 2017 PPP) poverty line by out-of-pocket health care expenditure,SH.UHC.NOP1.TO,India,IND,..,..,..,..,..,..,..,..,..,..,..
Number of people pushed below the $2.15 ($ 2017 PPP) poverty line by out-of-pocket health care expenditure,SH.UHC.NOP1.TO,Brazil,BRA,..,..,..,..,..,..,..,..,..,..,..
Number of people pushed below the $3.65 ($ 2017 PPP) poverty line by out-of-pocket health care expenditure,SH.UHC.NOP2.TO,China,CHN,..,..,..,..,..,..,..,..,..,..,..
Number of people pushed below the $3.65 ($ 2017 PPP) poverty line by out-of-pocket health care expenditure,SH.UHC.NOP2.TO,India,IND,..,..,..,..,..,..,..,..,..,..,..
Number of people pushed below the $3.65 ($ 2017 PPP) poverty line by out-of-pocket health care expenditure,SH.UHC.NOP2.TO,Brazil,BRA,..,..,..,..,..,..,..,..,..,..,..
Number of people pushed below the 60% median consumption poverty line by out-of-pocket health care expenditure,SH.UHC.NOPR.TO,China,CHN,..,..,..,..,..,..,..,..,..,..,..
Number of people pushed below the 60% median consumption poverty line by out-of-pocket health care expenditure,SH.UHC.NOPR.TO,India,IND,..,..,..,..,..,..,..,..,..,..,..
Number of people pushed below the 60% median consumption poverty line by out-of-pocket health care expenditure,SH.UHC.NOPR.TO,Brazil,BRA,..,..,..,..,..,..,..,..,..,..,..
Number of people pushed further below the $2.15 ($ 2017 PPP) poverty line by out-of-pocket health care expenditure,SH.UHC.FBP1.TO,China,CHN,..,..,..,..,..,..,..,..,..,..,..
Number of people pushed further below the $2.15 ($ 2017 PPP) poverty line by out-of-pocket health care expenditure,SH.UHC.FBP1.TO,India,IND,..,..,..,..,..,..,..,..,..,..,..
Number of people pushed further below the $2.15 ($ 2017 PPP) poverty line by out-of-pocket health care expenditure,SH.UHC.FBP1.TO,Brazil,BRA,..,..,..,..,..,..,..,..,..,..,..
Number of people pushed further below the $3.65 ($ 2017 PPP) poverty line by out-of-pocket health care expenditure,SH.UHC.FBP2.TO,China,CHN,..,..,..,..,..,..,..,..,..,..,..
Number of people pushed further below the $3.65 ($ 2017 PPP) poverty line by out-of-pocket health care expenditure,SH.UHC.FBP2.TO,India,IND,..,..,..,..,..,..,..,..,..,..,..
Number of people pushed further below the $3.65 ($ 2017 PPP) poverty line by out-of-pocket health care expenditure,SH.UHC.FBP2.TO,Brazil,BRA,..,..,..,..,..,..,..,..,..,..,..
Number of people pushed further below the 60% median consumption poverty line by out-of-pocket health care expenditure,SH.UHC.FBPR.TO,China,CHN,..,..,..,..,..,..,..,..,..,..,..
Number of people pushed further below the 60% median consumption poverty line by out-of-pocket health care expenditure,SH.UHC.FBPR.TO,India,IND,..,..,..,..,..,..,..,..,..,..,..
Number of people pushed further below the 60% median consumption poverty line by out-of-pocket health care expenditure,SH.UHC.FBPR.TO,Brazil,BRA,..,..,..,..,..,..,..,..,..,..,..
Number of people pushed or further pushed below the $2.15 ($ 2017 PPP) poverty line by out-of-pocket health care expenditure,SH.UHC.TOT1.TO,China,CHN,..,..,..,..,..,..,..,..,..,..,..
Number of people pushed or further pushed below the $2.15 ($ 2017 PPP) poverty line by out-of-pocket health care expenditure,SH.UHC.TOT1.TO,India,IND,..,..,..,..,..,..,..,..,..,..,..
Number of people pushed or further pushed below the $2.15 ($ 2017 PPP) poverty line by out-of-pocket health care expenditure,SH.UHC.TOT1.TO,Brazil,BRA,..,..,..,..,..,..,..,..,..,..,..
Number of people pushed or further pushed below the $3.65 ($ 2017 PPP) poverty line by out-of-pocket health care expenditure,SH.UHC.TOT2.TO,China,CHN,..,..,..,..,..,..,..,..,..,..,..
Number of people pushed or further pushed below the $3.65 ($ 2017 PPP) poverty line by out-of-pocket health care expenditure,SH.UHC.TOT2.TO,India,IND,..,..,..,..,..,..,..,..,..,..,..
Number of people pushed or further pushed below the $3.65 ($ 2017 PPP) poverty line by out-of-pocket health care expenditure,SH.UHC.TOT2.TO,Brazil,BRA,..,..,..,..,..,..,..,..,..,..,..
Number of people pushed or further pushed below the 60% median consumption poverty line by out-of-pocket health care expenditure,SH.UHC.TOTR.TO,China,CHN,..,..,..,..,..,..,..,..,..,..,..
Number of people pushed or further pushed below the 60% median consumption poverty line by out-of-pocket health care expenditure,SH.UHC.TOTR.TO,India,IND,..,..,..,..,..,..,..,..,..,..,..
Number of people pushed or further pushed below the 60% median consumption poverty line by out-of-pocket health care expenditure,SH.UHC.TOTR.TO,Brazil,BRA,..,..,..,..,..,..,..,..,..,..,..
Number of people spending more than 10% of household consumption or income on out-of-pocket health care expenditure,SH.UHC.OOPC.10.TO,China,CHN,..,..,..,..,..,..,..,..,..,..,..
Number of people spending more than 10% of household consumption or income on out-of-pocket health care expenditure,SH.UHC.OOPC.10.TO,India,IND,..,..,..,..,..,..,..,..,..,..,..
Number of people spending more than 10% of household consumption or income on out-of-pocket health care expenditure,SH.UHC.OOPC.10.TO,Brazil,BRA,..,..,..,..,..,..,..,..,..,..,..
Number of people spending more than 25% of household consumption or income on out-of-pocket health care expenditure,SH.UHC.OOPC.25.TO,China,CHN,..,..,..,..,..,..,..,..,..,..,..
Number of people spending more than 25% of household consumption or income on out-of-pocket health care expenditure,SH.UHC.OOPC.25.TO,India,IND,..,..,..,..,..,..,..,..,..,..,..
Number of people spending more than 25% of household consumption or income on out-of-pocket health care expenditure,SH.UHC.OOPC.25.TO,Brazil,BRA,..,..,..,..,..,..,..,..,..,..,..
Number of people who are undernourished,SN.ITK.DEFC,China,CHN,..,..,..,..,..,..,..,..,..,..,..
Number of people who are undernourished,SN.ITK.DEFC,India,IND,165000000,161200000,155700000,143900000,144700000,164500000,188400000,201900000,192000000,172100000,..
Number of people who are undernourished,SN.ITK.DEFC,Brazil,BRA,..,..,..,..,..,..,5800000,7100000,6700000,..,..
Number of stillbirths,SH.DTH.STLB,China,CHN,149105,131324,121720,111661,88660,80178,61965,52475,45804,41750,..
Number of stillbirths,SH.DTH.STLB,India,IND,470427,442115,422236,390491,374409,349587,324291,306877,291994,277471,..
Number of stillbirths,SH.DTH.STLB,Brazil,BRA,23631,22819,21696,20799,20517,19729,19065,18214,17173,16272,..
"Number of surgical procedures (per 100,000 population)",SH.SGR.PROC.P5,China,CHN,..,..,..,..,..,..,..,..,..,..,..
"Number of surgical procedures (per 100,000 population)",SH.SGR.PROC.P5,India,IND,..,..,..,..,..,..,..,..,..,..,..
"Number of surgical procedures (per 100,000 population)",SH.SGR.PROC.P5,Brazil,BRA,..,13674,..,..,..,..,..,..,..,..,..
Number of under-five deaths,SH.DTH.MORT,China,CHN,213316,194868,179616,169149,147454,125967,106403,86818,72529,61522,53968
Number of under-five deaths,SH.DTH.MORT,India,IND,1183958,1099727,1038204,967313,903511,847867,785261,730705,687978,649811,615030
Number of under-five deaths,SH.DTH.MORT,Brazil,BRA,47962,47122,48897,44501,43971,42875,41230,39870,38963,37968,36892
"Number of under-five deaths, female",SH.DTH.MORT.FE,China,CHN,92440,84820,78317,74209,65031,55491,47068,38772,32456,27553,24211
"Number of under-five deaths, female",SH.DTH.MORT.FE,India,IND,588476,544415,511917,475287,442916,414240,383085,355493,333814,314893,297646
"Number of under-five deaths, female",SH.DTH.MORT.FE,Brazil,BRA,20782,20423,21359,19293,19063,18599,17881,17285,16895,16474,16007
"Number of under-five deaths, male",SH.DTH.MORT.MA,China,CHN,120876,110048,101299,94940,82423,70476,59335,48046,40073,33969,29757
"Number of under-five deaths, male",SH.DTH.MORT.MA,India,IND,595482,555312,526287,492026,460595,433627,402176,375212,354164,334918,317384
"Number of under-five deaths, male",SH.DTH.MORT.MA,Brazil,BRA,27180,26699,27538,25208,24908,24276,23349,22585,22068,21494,20885
Number of weeks of maternity leave,SH.MMR.LEVE,China,CHN,..,..,..,..,..,128,..,..,..,..,..
Number of weeks of maternity leave,SH.MMR.LEVE,India,IND,..,..,..,..,..,182,..,..,..,..,..
Number of weeks of maternity leave,SH.MMR.LEVE,Brazil,BRA,..,..,..,..,..,120,..,..,..,..,..
"Nurses and midwives (per 1,000 people)",SH.MED.NUMW.P3,China,CHN,2.164,2.322,2.498,2.693,2.888,3.123,3.302,3.519,3.666,..,..
"Nurses and midwives (per 1,000 people)",SH.MED.NUMW.P3,India,IND,1.356,1.431,1.474,2.126,1.7,..,1.72,..,..,..,..
"Nurses and midwives (per 1,000 people)",SH.MED.NUMW.P3,Brazil,BRA,8.906,9.234,9.487,9.886,10.28,4.321,..,5.638,..,5.502,..
Out-of-pocket expenditure (% of current health expenditure),SH.XPD.OOPC.CH.ZS,China,CHN,36.56483078,35.0892868,35.90618515,36.05041122,35.75046921,35.23001862,34.791008,34.39476395,31.6276741,32.17354584,..
Out-of-pocket expenditure (% of current health expenditure),SH.XPD.OOPC.CH.ZS,India,IND,67.01399994,64.66441345,63.20619965,55.11247635,53.22994614,52.00421143,49.51094055,45.10914612,44.54133987,43.88510513,..
Out-of-pocket expenditure (% of current health expenditure),SH.XPD.OOPC.CH.ZS,Brazil,BRA,28.18024635,24.70735931,24.42057228,24.46793365,24.82529449,24.87984657,26.09086418,25.26789093,27.25102234,26.23070717,..
Out-of-pocket expenditure per capita (current US$),SH.XPD.OOPC.PC.CD,China,CHN,132.46961772,137.93516575,142.96940878,158.60019319,180.22161452,189.88684592,202.81450645,230.53398881,238.9268083,245.60566007,..
Out-of-pocket expenditure per capita (current US$),SH.XPD.OOPC.PC.CD,India,IND,37.76172989,37.58555322,37.75087012,31.23138477,30.58885887,31.56206614,31.60332623,34.07983135,36.3051495,37.16484444,..
Out-of-pocket expenditure per capita (current US$),SH.XPD.OOPC.PC.CD,Brazil,BRA,290.4432955,196.70826043,197.85557161,233.60764138,218.53316661,215.999997,177.61837681,194.12580397,237.43142914,264.88702651,..
"Out-of-pocket expenditure per capita, PPP (current international $)",SH.XPD.OOPC.PP.CD,China,CHN,220.325642996605,227.154908946439,245.19515969747,265.328207206893,291.234069212382,323.137353248702,348.616548892063,372.85064479837,424.728177745466,478.383276585922,..
"Out-of-pocket expenditure per capita, PPP (current international $)",SH.XPD.OOPC.PP.CD,India,IND,125.928060183681,126.138146433817,128.477046583073,99.4270013764884,102.17323727869,109.81553103085,115.249301202999,121.532520347693,138.169315415864,151.950519756766,..
"Out-of-pocket expenditure per capita, PPP (current international $)",SH.XPD.OOPC.PP.CD,Brazil,BRA,374.495945791196,326.257333883033,320.401165013375,337.39421801564,363.344148184606,384.401898098757,404.278322686694,440.131037061748,508.481894389674,543.090560514392,..
People practicing open defecation (% of population),SH.STA.ODFC.ZS,China,CHN,0.739603188866865,0.64059389455069,0.546266168700163,0.456640254475481,0.371749884394334,0.29142843201293,0.215474033142668,0.143684930088384,0.104456788756023,0,0
People practicing open defecation (% of population),SH.STA.ODFC.ZS,India,IND,33.310079360273,30.5609314039809,27.826030815518,25.1059208970117,22.4017367809533,19.7142943974501,17.0053594469744,14.3156319775818,11.6598776255017,9.03833525343739,6.73309452387536
People practicing open defecation (% of population),SH.STA.ODFC.ZS,Brazil,BRA,2.45225107799602,2.06598064926857,1.68806477111089,1.31817700720255,0.956224594917541,0.601821554383112,0.383418957356924,0.178069736787642,0,0,0
"People practicing open defecation, rural (% of rural population)",SH.STA.ODFC.RU.ZS,China,CHN,1.41891304347826,1.23173913043479,1.04456521739132,0.857391304347857,0.670217391304334,0.483043478260868,0.295869565217401,0.108695652173935,0,0,0
"People practicing open defecation, rural (% of rural population)",SH.STA.ODFC.RU.ZS,India,IND,44.404852203299,41.0474162990522,37.6899803948054,34.3325444905586,30.9751085863118,27.6176726820649,24.2002266988378,20.7834898815987,17.388837746013,14.0160568595016,10.6649365308844
"People practicing open defecation, rural (% of rural population)",SH.STA.ODFC.RU.ZS,Brazil,BRA,12.338200892716,10.7761726935687,9.21414449442091,7.65211629527357,6.09008809612624,4.52805989697845,2.96603169783111,1.40400349868332,0,0,0
"People practicing open defecation, urban (% of urban population)",SH.STA.ODFC.UR.ZS,China,CHN,0.166936790923825,0.166612641815235,0.166288492706645,0.165964343598055,0.165640194489465,0.165316045380875,0.164991896272285,0.164667747163695,0.164343598055105,0,0
"People practicing open defecation, urban (% of urban population)",SH.STA.ODFC.UR.ZS,India,IND,10.1448045606617,9.05398851297468,7.9631724652877,6.87235641760071,5.78154036991373,4.69072432222674,3.59990827453976,2.50909222685277,1.41827617916579,0.327460131478801,0
"People practicing open defecation, urban (% of urban population)",SH.STA.ODFC.UR.ZS,Brazil,BRA,0.774604962388196,0.620882801107371,0.467160639826488,0.313438478545606,0.159716317264781,0.005994155983899,0,0,0,0,0
People using at least basic drinking water services (% of population),SH.H2O.BASW.ZS,China,CHN,90.9415850511528,91.5125864728114,92.0580332231986,92.577308673558,93.068663255545,93.5326999183951,93.9705270769772,94.6329735273297,95.4385845932759,96.0883413082236,96.1224151867516
People using at least basic drinking water services (% of population),SH.H2O.BASW.ZS,India,IND,89.0593975763785,89.7387066732488,90.4158282525921,91.0905825625786,91.7626505318817,92.4317828217009,93.0977309081783,93.760281159736,94.4191311935781,95.0740565981493,95.7247373523918
People using at least basic drinking water services (% of population),SH.H2O.BASW.ZS,Brazil,BRA,97.4719067025274,97.7078492139171,97.921760549945,98.1978808317894,98.5580120515387,98.773134154073,99.0720677672897,99.4272648803619,99.6149419025106,99.8980595100623,99.9999987323028
"People using at least basic drinking water services, rural (% of rural population)",SH.H2O.BASW.RU.ZS,China,CHN,82.9268316391064,83.8493023789862,84.7694696498377,85.687333451661,86.6028937844561,87.5161506482231,88.4271040429618,90.0018961877991,92.0714568873306,93.8294340242105,93.8294340242105
"People using at least basic drinking water services, rural (% of rural population)",SH.H2O.BASW.RU.ZS,India,IND,86.3570485773132,87.2015751754967,88.0485222949581,88.8978899356979,89.7496780977159,90.6038867810118,91.4605159855862,92.3195657114388,93.1810359585693,94.0449267269783,94.9112380166652
"People using at least basic drinking water services, rural (% of rural population)",SH.H2O.BASW.RU.ZS,Brazil,BRA,87.2836011778264,88.2605464991485,89.1200227959496,90.2144371417931,91.1913824631153,92.1683277844375,94.0212551089447,96.7093255991196,98.1568882366184,99.1652452919132,100
"People using at least basic drinking water services, urban (% of urban population)",SH.H2O.BASW.UR.ZS,China,CHN,97.6981237576576,97.6570273707587,97.6159188886772,97.5747983114131,97.5336656389666,97.4925208713375,97.4513640085259,97.4101950505317,97.3690139973551,97.3278208489958,97.3278208489958
"People using at least basic drinking water services, urban (% of urban population)",SH.H2O.BASW.UR.ZS,India,IND,94.7017471453139,94.9421532971033,95.1828262075497,95.4237658766528,95.6649723044127,95.9064454908293,96.1481854359028,96.3901921396332,96.6324656020203,96.8750058230642,97.117812802765
"People using at least basic drinking water services, urban (% of urban population)",SH.H2O.BASW.UR.ZS,Brazil,BRA,99.2008637645256,99.2752361566996,99.3496085488736,99.464280768983,99.7009256740061,99.7754494836566,99.8219209498767,99.8220535251121,99.8221859030967,100,100
People using at least basic sanitation services (% of population),SH.STA.BASS.ZS,China,CHN,82.9984761523817,84.7193121416501,86.4094766918916,88.0683084431652,89.6942189460529,91.2881339239822,92.8514975328901,94.3857583646751,95.8923648413213,97.2411682339468,97.2718787578263
People using at least basic sanitation services (% of population),SH.STA.BASS.ZS,India,IND,54.1905506719672,57.1496392627885,60.1238284933312,63.1125583715917,66.1148742165368,69.1300220717047,72.0482326780192,74.9328568041953,77.8161883735175,80.6978943350927,83.380872478201
People using at least basic sanitation services (% of population),SH.STA.BASS.ZS,Brazil,BRA,84.9007604089727,85.6891694067484,86.4725409994878,87.2513460581389,88.0250303307035,88.7943635272571,89.5591441286736,90.3198016289812,91.0196550646128,91.7128476214348,92.4012701604853
"People using at least basic sanitation services, rural (% of rural population)",SH.STA.BASS.RU.ZS,China,CHN,74.4643402571646,76.7504363375024,79.0411442186402,81.3364639005763,83.6363953833124,85.9409386668468,88.2500937511811,90.5638606363138,92.8822393222464,95.2052298089773,95.2052298089773
"People using at least basic sanitation services, rural (% of rural population)",SH.STA.BASS.RU.ZS,India,IND,46.7324439136077,50.1570463621293,53.611095028872,57.094589913836,60.6075310170212,64.1499183384276,67.5542354718427,70.9159272623599,74.2850736845519,77.66160269476,81.0454431746786
"People using at least basic sanitation services, rural (% of rural population)",SH.STA.BASS.RU.ZS,Brazil,BRA,54.4170110135014,55.671162388976,56.9256533796456,58.1804839855103,59.4356542065701,60.691164042825,61.9470134942749,63.20320256092,64.4597312427601,65.7165995397952,66.973807452025
"People using at least basic sanitation services, urban  (% of urban population)",SH.STA.BASS.UR.ZS,China,CHN,90.1928601883694,91.1087765565455,92.0281903472496,92.9511015604816,93.8775101962412,94.8074162545291,95.7408197353448,96.6777206386883,97.61811896456,98.3583032490974,98.3583032490974
"People using at least basic sanitation services, urban  (% of urban population)",SH.STA.BASS.UR.ZS,India,IND,69.7626619269271,71.4908828327006,73.2384001554442,75.0052138951575,76.7913240518409,78.5967306254945,80.4214336161174,82.2654330237108,84.1287288482735,86.0113210898067,87.3801818139873
"People using at least basic sanitation services, urban  (% of urban population)",SH.STA.BASS.UR.ZS,Brazil,BRA,90.0738550947007,90.6694183061046,91.2657317470402,91.8627954175073,92.4606093175061,93.0591734470365,93.6584878060985,94.2585523946918,94.7948604431996,95.3291306977427,95.8634009522858
People using safely managed drinking water services (% of population),SH.H2O.SMDW.ZS,China,CHN,..,..,..,..,..,..,..,..,..,..,..
People using safely managed drinking water services (% of population),SH.H2O.SMDW.ZS,India,IND,59.5816046729688,61.2343987010564,62.8967025513523,64.567945966321,66.2471046550041,67.9333667144175,69.6259050057647,71.3240226487586,73.0266809621397,74.7331217386926,76.4421942140842
People using safely managed drinking water services (% of population),SH.H2O.SMDW.ZS,Brazil,BRA,81.2277724120926,81.9877409568831,82.7340763563796,83.502874805376,84.2578908584448,85.0114840712181,85.7419162623334,86.4345900524448,87.1246545881346,87.9528269411722,88.6239660721414
"People using safely managed drinking water services, rural (% of rural population)",SH.H2O.SMDW.RU.ZS,China,CHN,..,..,..,..,..,..,..,..,..,..,..
"People using safely managed drinking water services, rural (% of rural population)",SH.H2O.SMDW.RU.ZS,India,IND,51.5403437967553,53.5357982529703,55.5564218439551,57.6022145697101,59.6731764302351,61.7693074255304,63.8906075555954,66.0370768204305,68.2087152200354,70.4055227544104,72.6274994235553
"People using safely managed drinking water services, rural (% of rural population)",SH.H2O.SMDW.RU.ZS,Brazil,BRA,62.9638296391107,64.0098451806185,64.9777686638888,66.1245415099754,67.1932222978244,68.2694581677872,69.3532491198637,70.444595154054,71.5434962703579,72.6499524687757,73.6361296997555
"People using safely managed drinking water services, urban (% of urban population)",SH.H2O.SMDW.UR.ZS,China,CHN,92.8299590024704,93.2321498951113,93.6338559810278,94.0350772602197,94.4358137326869,94.8360653984296,95.2358322574477,95.6351143097411,96.03391155531,96.4322239941542,96.4322239941542
"People using safely managed drinking water services, urban (% of urban population)",SH.H2O.SMDW.UR.ZS,India,IND,76.371309150216,77.0236068877999,77.6776910648963,78.3335616815052,78.9912187376263,79.6506622332597,80.3118921684054,80.9749085430635,81.6397113572341,82.3063006109169,82.9746763041121
"People using safely managed drinking water services, urban (% of urban population)",SH.H2O.SMDW.UR.ZS,Brazil,BRA,84.3271653015516,84.9704292483576,85.6145622770573,86.2595643876509,86.9054355801383,87.5521758545196,88.1750059286018,88.7571755346634,89.3393465102546,90.0815775249871,90.6646676125406
People using safely managed sanitation services (% of population),SH.STA.SMSS.ZS,China,CHN,46.1899294516552,49.4481191914366,52.7910621464949,56.2128867884815,59.7009464232348,63.2498370764961,64.6096794852819,65.9328284024467,67.22023548234,68.4124157970869,68.869967958972
People using safely managed sanitation services (% of population),SH.STA.SMSS.ZS,India,IND,40.1070723094129,42.4769302561278,44.8599379840837,47.2396698437666,49.5806533887087,51.9223137988177,54.1679248186604,56.376874632274,58.579834910144,60.7767067943276,62.7850105515952
People using safely managed sanitation services (% of population),SH.STA.SMSS.ZS,Brazil,BRA,45.1466389783095,46.8053540582674,47.7367225195033,48.688560378519,49.6607193529627,50.6536221727293,51.4993722537634,52.3627777203099,53.2108943382486,54.0749127209751,54.9560379092862
"People using safely managed sanitation services, rural (% of rural population)",SH.STA.SMSS.RU.ZS,China,CHN,22.0928235073242,24.0186606517647,26.0337069622522,28.1382291730568,30.3324940184486,32.6167682326964,33.978334271436,35.3426586155505,36.709741265041,38.0795822199064,38.0795822199065
"People using safely managed sanitation services, rural (% of rural population)",SH.STA.SMSS.RU.ZS,India,IND,38.5908998786017,41.4952879405142,44.4272227906105,47.3788298797235,50.2856986360429,53.201838358235,55.9789839355697,58.7063036259541,61.4304799212172,64.1513919438365,66.8689198526858
"People using safely managed sanitation services, rural (% of rural population)",SH.STA.SMSS.RU.ZS,Brazil,BRA,..,..,..,..,..,..,..,..,..,..,..
"People using safely managed sanitation services, urban  (% of urban population)",SH.STA.SMSS.UR.ZS,China,CHN,66.5040838976461,69.8375073576443,73.1948653862519,76.5762174563965,79.9816230410033,83.4111416129978,83.8437784786243,84.2775337750704,84.7124075023361,85.056251104268,85.056251104268
"People using safely managed sanitation services, urban  (% of urban population)",SH.STA.SMSS.UR.ZS,India,IND,43.2727539457757,44.4901967716344,45.7312871031218,46.9646656884271,48.2138677059993,49.490062493638,50.7935666523453,52.1246967831255,53.4837694869811,54.8711013649158,55.7915056958372
"People using safely managed sanitation services, urban  (% of urban population)",SH.STA.SMSS.UR.ZS,Brazil,BRA,47.1069192614889,48.8304023283528,49.7571211612889,50.7063758660172,51.6782113890048,52.672672676718,53.4385658968212,54.2268217261753,55.0000582289402,55.7934612477385,56.6082031227694
People with basic handwashing facilities including soap and water (% of population),SH.STA.HYGN.ZS,China,CHN,..,..,..,97.0388007900207,97.0745592634896,97.1092402130786,97.1428406842069,97.1753616442008,97.2068004538355,97.2370989072954,97.2663184969228
People with basic handwashing facilities including soap and water (% of population),SH.STA.HYGN.ZS,India,IND,54.642658453316,58.5971073241002,62.5369651216312,66.4616562793116,70.3700915647089,74.26145830438,78.1349455314452,81.9898869506181,85.8252809853407,89.640420179169,89.691868170007
People with basic handwashing facilities including soap and water (% of population),SH.STA.HYGN.ZS,Brazil,BRA,..,..,..,..,..,..,..,..,..,..,..
"People with basic handwashing facilities including soap and water, rural (% of rural population)",SH.STA.HYGN.RU.ZS,China,CHN,..,..,..,95.3,95.3,95.3,95.3,95.3,95.3,95.3,95.3
"People with basic handwashing facilities including soap and water, rural (% of rural population)",SH.STA.HYGN.RU.ZS,India,IND,44.7631540817401,49.3362608679308,53.9093676541215,58.4824744403122,63.0555812265029,67.6286880126936,72.2017947988843,76.774901585075,81.3480083712657,85.9211151574564,85.9211151574564
"People with basic handwashing facilities including soap and water, rural (% of rural population)",SH.STA.HYGN.RU.ZS,Brazil,BRA,..,..,..,..,..,..,..,..,..,..,..
"People with basic handwashing facilities including soap and water, urban (% of urban population)",SH.STA.HYGN.UR.ZS,China,CHN,..,..,..,98.3,98.3,98.3,98.3,98.3,98.3,98.3,98.3
"People with basic handwashing facilities including soap and water, urban (% of urban population)",SH.STA.HYGN.UR.ZS,India,IND,75.2705140942617,77.5903571395984,79.9102001849351,82.2300432302718,84.5498862756085,86.8697293209443,89.189572366281,91.5094154116177,93.8292584569544,96.1491015022912,96.1491015022912
"People with basic handwashing facilities including soap and water, urban (% of urban population)",SH.STA.HYGN.UR.ZS,Brazil,BRA,..,..,..,..,..,..,..,..,..,..,..
"Physicians (per 1,000 people)",SH.MED.PHYS.ZS,China,CHN,1.711,1.797,1.888,2.003,2.122,2.255,2.385,2.517,3.112,..,..
"Physicians (per 1,000 people)",SH.MED.PHYS.ZS,India,IND,0.715,0.723,0.748,0.766,0.84,0.889,0.723,..,..,..,..
"Physicians (per 1,000 people)",SH.MED.PHYS.ZS,Brazil,BRA,..,..,..,2.198,..,2.351,..,2.191,..,2.357,..
"Population ages 00-04, female",SP.POP.0004.FE,China,CHN,41351542,41525526,41663403,41700629,40934647,39415269,37286857,34324224,30600067,27167674,24435276
"Population ages 00-04, female",SP.POP.0004.FE,India,IND,60144295,59422610,58867603,58261386,57658903,57282565,56846872,56195125,55628417,55160392,54737622
"Population ages 00-04, female",SP.POP.0004.FE,Brazil,BRA,7102261,7097667,7080498,7052685,7030788,6985469,6893060,6785749,6675328,6544038,6413556
"Population ages 00-04, female (% of female population)",SP.POP.0004.FE.5Y,China,CHN,6.17267682142204,6.16202157916578,6.14607688111883,6.11261795179686,5.9701013490157,5.72619460326829,5.40143846650073,4.96478986947743,4.42377324180684,3.9285732497212,3.53508450851878
"Population ages 00-04, female (% of female population)",SP.POP.0004.FE.5Y,India,IND,9.48631613152648,9.25981371036155,9.06314670838152,8.86457548042162,8.6756139622628,8.5282619089281,8.37902914880103,8.21230227384487,8.06335436192689,7.92322241396719,7.79058621860517
"Population ages 00-04, female (% of female population)",SP.POP.0004.FE.5Y,Brazil,BRA,7.01488687503926,6.95249396823548,6.88039037755294,6.80093305871817,6.73107104190988,6.6417752306513,6.51417217635689,6.38275336692087,6.25279652535822,6.10293744334718,5.95482844095007
"Population ages 00-04, male",SP.POP.0004.MA,China,CHN,48117177,48169388,48157905,47978653,46887981,45006875,42401148,38802141,34407301,30390275,27143525
"Population ages 00-04, male",SP.POP.0004.MA,India,IND,65911331,65048361,64352535,63599613,62849630,62332993,61733760,60890054,60141124,59504265,58920509
"Population ages 00-04, male",SP.POP.0004.MA,Brazil,BRA,7393866,7390022,7372943,7344532,7322317,7275580,7179427,7067764,6953091,6816811,6682042
"Population ages 00-04, male (% of male population)",SP.POP.0004.MA.5Y,China,CHN,6.85481260207553,6.82319306194308,6.78372211705905,6.71961181473941,6.53856304531703,6.25606115188653,5.88262216653589,5.38165941960044,4.7757652086325,4.22574564081997,3.7817352528153
"Population ages 00-04, male (% of male population)",SP.POP.0004.MA.5Y,India,IND,9.71762115609757,9.47814079211845,9.26713006261536,9.05436851260208,8.85143517646296,8.68932886164182,8.52469639305705,8.34197065828363,8.17655362915128,8.02070458890956,7.8736689076019
"Population ages 00-04, male (% of male population)",SP.POP.0004.MA.5Y,Brazil,BRA,7.48067370631035,7.42063507026013,7.35017624784433,7.27169013465845,7.20313943730344,7.11334369409871,6.98085788236768,6.8461899581703,6.71478710386924,6.56010989802331,6.40685981102203
"Population ages 00-14, total",SP.POP.0014.TO,China,CHN,251443220,252764749,254031463,256249115,257104510,256174134,253360711,248319073,241789776,234031297,225546074
"Population ages 00-14, total",SP.POP.0014.TO,India,IND,386290188,383971739,381480646,378635655,375663468,372709109,369524878,366351802,363307647,360337993,357277018
"Population ages 00-14, total",SP.POP.0014.TO,Brazil,BRA,45647976,45179762,44740040,44337528,44009118,43689729,43311094,42896280,42487105,42092915,41689815
Population ages 0-14 (% of total population),SP.POP.0014.TO.ZS,China,CHN,18.3286355819234,18.3181445490203,18.3047480302718,18.3531272310458,18.3284745596771,18.1974813802408,17.9548374596279,17.5818540220458,17.1217997582731,16.5896107225921,16.0078123326803
Population ages 0-14 (% of total population),SP.POP.0014.TO.ZS,India,IND,29.4366305001804,28.9130012076453,28.3851530629213,27.8478721919213,27.3277554659182,26.832323620307,26.3453740591996,25.9051614152815,25.4877038842946,25.0570622244071,24.6239027058366
Population ages 0-14 (% of total population),SP.POP.0014.TO.ZS,Brazil,BRA,22.8142776949133,22.4022029603472,22.0157734610601,21.6593948870768,21.3525316348572,21.0598118773538,20.7566949222876,20.4706372304111,20.2024769910192,19.9359520540445,19.6651396335929
"Population ages 0-14, female",SP.POP.0014.FE.IN,China,CHN,115934852,116598306,117265048,118414970,118944248,118628253,117469494,115312089,112459348,109022006,105242419
"Population ages 0-14, female",SP.POP.0014.FE.IN,India,IND,183993964,182951247,181831596,180541801,179200843,177886985,176475236,175075695,173742919,172455965,171137305
"Population ages 0-14, female",SP.POP.0014.FE.IN,Brazil,BRA,22384658,22151716,21933069,21733047,21569417,21410606,21223402,21018641,20816622,20622116,20423238
"Population ages 0-14, female (% of female population)",SP.POP.0014.FE.ZS,China,CHN,17.3059659580993,17.302159702328,17.2986347391621,17.3576633298568,17.3473882745387,17.2341451345734,17.0168336523592,16.6791909562674,16.2579598314878,15.7650943303099,15.2255635882565
"Population ages 0-14, female (% of female population)",SP.POP.0014.FE.ZS,India,IND,29.0206227255036,28.5092570874679,27.9944541352968,27.4697624192866,26.9633526600405,26.4839186110422,26.0118295039352,25.5853959580537,25.1840838782251,24.7715240264154,24.357286359965
"Population ages 0-14, female (% of female population)",SP.POP.0014.FE.ZS,Brazil,BRA,22.1092742239758,21.6986315400187,21.3132014637953,20.9572668011463,20.6499302105417,20.3571775358296,20.0568230608214,19.7703738993353,19.4989821790473,19.2320852300919,18.9624723786137
"Population ages 0-14, male",SP.POP.0014.MA.IN,China,CHN,135508368,136166443,136766415,137834145,138160262,137545881,135891217,133006985,129330427,125009291,120303655
"Population ages 0-14, male",SP.POP.0014.MA.IN,India,IND,202296224,201020492,199649050,198093854,196462625,194822123,193049643,191276108,189564729,187882029,186139712
"Population ages 0-14, male",SP.POP.0014.MA.IN,Brazil,BRA,23263318,23028046,22806970,22604480,22439701,22279124,22087692,21877639,21670483,21470798,21266577
"Population ages 0-14, male (% of male population)",SP.POP.0014.MA.ZS,China,CHN,19.3046336856339,19.2879747203051,19.2654841214541,19.3042509314738,19.2665490724744,19.119200125958,18.8531847877907,18.4473918584532,17.9511827905816,17.3824508256949,16.7611456897944
"Population ages 0-14, male (% of male population)",SP.POP.0014.MA.ZS,India,IND,29.8254948931475,29.2905233987707,28.7505956560623,28.2016612997935,27.66883749664,27.1585466186459,26.6578545574261,26.2049309940379,25.7724842798753,25.3250124537113,24.8742328896781
"Population ages 0-14, male (% of male population)",SP.POP.0014.MA.ZS,Brazil,BRA,23.5364426475078,23.1234409463035,22.7365463896264,22.3802924699742,22.0744733713151,21.7823269978162,21.4767909793266,21.1917746311829,20.9277701452351,20.6622707418849,20.3907698728525
"Population ages 05-09, female",SP.POP.0509.FE,China,CHN,38020592,38749647,39353107,40136912,40833901,41253090,41463846,41635821,41697708,40962090,39466639
"Population ages 05-09, female",SP.POP.0509.FE,India,IND,61152039,60840519,60597732,60418672,60182984,59639765,58963120,58444800,57857938,57274750,56915848
"Population ages 05-09, female",SP.POP.0509.FE,Brazil,BRA,7367793,7275178,7194803,7133878,7092758,7073499,7070071,7052918,7023544,7001765,6953921
"Population ages 05-09, female (% of female population)",SP.POP.0509.FE.5Y,China,CHN,5.67545529341194,5.75010569449938,5.80526793787801,5.88340314252849,5.95540800632672,5.99319073809464,6.00652430984672,6.02236780279951,6.02813083785309,5.92331064597525,5.7096922450058
"Population ages 05-09, female (% of female population)",SP.POP.0509.FE.5Y,India,IND,9.6452634321976,9.48076619289716,9.32951399626133,9.19281053436046,9.05539844590602,8.87920322582364,8.69095659291049,8.5410675717557,8.38652397232009,8.2269283189547,8.10060431842899
"Population ages 05-09, female (% of female population)",SP.POP.0509.FE.5Y,Brazil,BRA,7.27715220302006,7.12637372247142,6.99146442656913,6.87922780147734,6.79039883090475,6.72547452048307,6.68145300524604,6.6340555752159,6.57897132828538,6.52981141024162,6.45654446992186
"Population ages 05-09, male",SP.POP.0509.MA,China,CHN,44627502,45447311,46098262,46934198,47644396,48004396,48099312,48127269,47977432,46921541,45067630
"Population ages 05-09, male",SP.POP.0509.MA,India,IND,67271330,66909323,66629542,66403706,66090809,65426370,64602110,63938170,63200371,62466007,61965433
"Population ages 05-09, male",SP.POP.0509.MA,Brazil,BRA,7659377,7565391,7483751,7422119,7380747,7361777,7359176,7342315,7312567,7290633,7241538
"Population ages 05-09, male (% of male population)",SP.POP.0509.MA.5Y,China,CHN,6.35767063167614,6.43761094745314,6.49359221827458,6.57333150674101,6.64404573952062,6.67272366090254,6.67317021463328,6.6750073033997,6.65931187334869,6.52440603470775,6.27898727071158
"Population ages 05-09, male (% of male population)",SP.POP.0509.MA.5Y,India,IND,9.918132279969,9.74930004114906,9.59503191432828,9.45357356183439,9.30790708358105,9.12055098667878,8.92078133748657,8.75956414334217,8.59247696906625,8.41992400033437,8.28056843662065
"Population ages 05-09, male (% of male population)",SP.POP.0509.MA.5Y,Brazil,BRA,7.74930246305106,7.59673104805316,7.46064259215114,7.34850714446012,7.2606184343643,7.19761812029269,7.15563586970785,7.11213281082416,7.06194277643678,7.01608915168036,6.94331493061832
"Population ages 10-14, female",SP.POP.1014.FE,China,CHN,36562718,36323133,36248537,36577429,37175700,37959894,38718791,39352043,40161573,40892243,41340504
"Population ages 10-14, female",SP.POP.1014.FE,India,IND,62697629,62688118,62366261,61861743,61358955,60964654,60665244,60435770,60256564,60020822,59483836
"Population ages 10-14, female",SP.POP.1014.FE,Brazil,BRA,7914603,7778870,7657769,7546484,7445872,7351637,7260270,7179974,7117750,7076314,7055760
"Population ages 10-14, female (% of female population)",SP.POP.1014.FE.5Y,China,CHN,5.45783384326535,5.39003242866281,5.34728992016526,5.36164223553142,5.42187891919624,5.51475979321049,5.60887087601176,5.69203328399042,5.80605575182786,5.91321043461346,5.98078683473188
"Population ages 10-14, female (% of female population)",SP.POP.1014.FE.5Y,India,IND,9.8890431617795,9.76867718420922,9.60179343065392,9.41237640450455,9.23234025187163,9.07645347629048,8.94184376222366,8.83202611245309,8.73420554397812,8.6213732934935,8.46609582293089
"Population ages 10-14, female (% of female population)",SP.POP.1014.FE.5Y,Brazil,BRA,7.81723514591652,7.61976384931175,7.44134665967326,7.27710594095075,7.1284603377271,6.98992778469523,6.86119787921849,6.75356495719856,6.66721432540371,6.59933637650312,6.55109946774177
"Population ages 10-14, male",SP.POP.1014.MA,China,CHN,42763690,42549745,42510248,42921295,43627885,44534610,45390757,46077575,46945694,47697475,48092500
"Population ages 10-14, male",SP.POP.1014.MA,India,IND,69113563,69062809,68666974,68090535,67522186,67062761,66713773,66447883,66223234,65911757,65253770
"Population ages 10-14, male",SP.POP.1014.MA,Brazil,BRA,8210076,8072634,7950277,7837830,7736637,7641767,7549090,7467560,7404826,7363354,7342997
"Population ages 10-14, male (% of male population)",SP.POP.1014.MA.5Y,China,CHN,6.09215045188226,6.02717071090885,5.98816978612046,6.01130760999333,6.08394028763676,6.19041531316895,6.29739240662151,6.39072513545304,6.51610570860042,6.63229915016718,6.70042316626755
"Population ages 10-14, male (% of male population)",SP.POP.1014.MA.5Y,India,IND,10.1897414570809,10.0630825655032,9.88843367911865,9.69371922535708,9.50949523659602,9.34866677032535,9.21237682688252,9.10339619241208,9.00345368165774,8.88438386446739,8.71999554545551
"Population ages 10-14, male (% of male population)",SP.POP.1014.MA.5Y,Brazil,BRA,8.30646647814635,8.10607482799026,7.92572754963096,7.76009519085559,7.61071549964735,7.47136518342477,7.34029722725109,7.23345186218842,7.15104026492904,7.08607169218122,7.04059513121218
"Population ages 15-19, female",SP.POP.1519.FE,China,CHN,39309528,38416849,37753116,37149652,36708768,36469477,36255224,36210584,36559731,37182969,37974741
"Population ages 15-19, female",SP.POP.1519.FE,India,IND,60293458,60702964,61230450,61778230,62178615,62398981,62395896,62098786,61577235,61048752,60645954
"Population ages 15-19, female",SP.POP.1519.FE,Brazil,BRA,8352058,8327968,8267027,8167948,8023459,7868966,7737394,7616905,7500542,7395848,7301316
"Population ages 15-19, female (% of female population)",SP.POP.1519.FE.5Y,China,CHN,5.86785885033507,5.70072141471314,5.56924139642357,5.44552057428943,5.35377932317555,5.29823408558609,5.25199428913293,5.23764031687087,5.28534668003529,5.37683206735127,5.49385736389667
"Population ages 15-19, female (% of female population)",SP.POP.1519.FE.5Y,India,IND,9.50984300737337,9.45933094619837,9.42692615931307,9.39966975007567,9.35566992639403,9.28999692030831,9.19693578477911,9.07505769354203,8.92563716908657,8.769024712769,8.63149534613086
"Population ages 15-19, female (% of female population)",SP.POP.1519.FE.5Y,Brazil,BRA,8.24930792026831,8.15763076586851,8.03338641744769,7.87638622390728,7.68142477988466,7.48180307859604,7.31209597963007,7.16454723872282,7.02577655448592,6.89733129326286,6.77909168847419
"Population ages 15-19, male",SP.POP.1519.MA,China,CHN,45266104,44418586,43803782,43227403,42817248,42626158,42444894,42441714,42880142,43619845,44541384
"Population ages 15-19, male",SP.POP.1519.MA,India,IND,66523792,67030937,67623565,68193087,68584741,68792966,68749854,68378662,67789019,67199760,66730580
"Population ages 15-19, male",SP.POP.1519.MA,Brazil,BRA,8616796,8596608,8537604,8438588,8293772,8139843,8009907,7891511,7776339,7671684,7575432
"Population ages 15-19, male (% of male population)",SP.POP.1519.MA.5Y,China,CHN,6.44864649324909,6.29189204643546,6.1703822627963,6.05417939104872,5.97089637654465,5.92513591744324,5.88869127246849,5.88644969540307,5.95180329896177,6.06530770557294,6.20566865287052
"Population ages 15-19, male (% of male population)",SP.POP.1519.MA.5Y,India,IND,9.80791912189156,9.76702023988062,9.738176864659,9.70831912739719,9.65914029860751,9.58986039058127,9.49353541205569,9.36791389939894,9.21633172870289,9.05799642084931,8.91734470582063
"Population ages 15-19, male (% of male population)",SP.POP.1519.MA.5Y,Brazil,BRA,8.71796160337287,8.63221992115704,8.51124099492335,8.35489497141576,8.15878309791874,7.95833422467098,7.78836846195906,7.64411150653018,7.50981991031497,7.38279088901057,7.26345839121635
Population ages 15-64 (% of total population),SP.POP.1564.TO.ZS,China,CHN,72.0051656801854,71.6284345359877,71.2044525051679,70.6659121055216,70.1553162360731,69.74115264804,69.3999249325134,69.2124049434275,69.0962698960779,69.0943118083391,69.3269188307508
Population ages 15-64 (% of total population),SP.POP.1564.TO.ZS,India,IND,65.2562148871274,65.6177857140772,65.9731160836743,66.3274225183491,66.6529850197096,66.944203338595,67.2377729174314,67.5490478920304,67.8132963616236,68.0210944742065,68.2295801537644
Population ages 15-64 (% of total population),SP.POP.1564.TO.ZS,Brazil,BRA,69.5321464348522,69.6409897160951,69.7156525862543,69.7489521976535,69.7196181499875,69.6671137738846,69.6446402012395,69.6182628596073,69.5457382256878,69.4304164782911,69.285675877437
"Population ages 15-64, female",SP.POP.1564.FE.IN,China,CHN,482416155,482310233,481766703,480570825,478854987,477216790,475507276,474157496,472794096,471798189,472394210
"Population ages 15-64, female",SP.POP.1564.FE.IN,India,IND,412907483,420161099,427477653,434781814,441709500,448232319,454575427,460474670,465941614,471471101,477104306
"Population ages 15-64, female",SP.POP.1564.FE.IN,Brazil,BRA,70248867,70921246,71542414,72101973,72566665,72982764,73378103,73664479,73853635,74015441,74151037
"Population ages 15-64, female (% of female population)",SP.POP.1564.FE.ZS,China,CHN,72.011801486253,71.5705822754218,71.0689705380654,70.4436825940632,69.8384624096479,69.3293813936581,68.8828046816487,68.5839923420508,68.350631008349,68.2242345981391,68.3419116702198
"Population ages 15-64, female (% of female population)",SP.POP.1564.FE.ZS,India,IND,65.1262250058953,65.4736219947387,65.8136641097273,66.1528415469169,66.461568125948,66.733090236299,67.0028202954097,67.2933315743842,67.5383651779715,67.7219703014796,67.9043425572283
"Population ages 15-64, female (% of female population)",SP.POP.1564.FE.ZS,Brazil,BRA,69.3846396819772,69.4706449000311,69.5204965628842,69.5282281534628,69.473204713887,69.3919216477171,69.3447557752395,69.2896495149281,69.1788856387393,69.026438679987,68.8474080573952
"Population ages 15-64, male",SP.POP.1564.MA.IN,China,CHN,505393911,506061884,506401569,506077240,505255727,504560800,503795065,503370826,502966153,502922178,504404744
"Population ages 15-64, male",SP.POP.1564.MA.IN,India,IND,443434941,451259170,459164278,467043895,474541800,481642958,488513474,494806597,500684854,506719577,512863092
"Population ages 15-64, male",SP.POP.1564.MA.IN,Brazil,BRA,68874617,69527590,70132420,70676535,71130531,71545466,71942990,72220795,72405514,72580447,72733607
"Population ages 15-64, male (% of male population)",SP.POP.1564.MA.ZS,China,CHN,71.998832712052,71.6836586546903,71.3338240348454,70.8782430147894,70.4582788840627,70.1351347968673,69.8951826192129,69.8149718412961,69.8121666988723,69.9309623728389,70.2755157525277
"Population ages 15-64, male (% of male population)",SP.POP.1564.MA.ZS,India,IND,65.3777232803214,65.7525864467332,66.1222604470719,66.4907741442647,66.8321517598816,67.1418754368376,67.4578877753423,67.7887735130731,68.0711680751889,68.3017938385519,68.5349507306017
"Population ages 15-64, male (% of male population)",SP.POP.1564.MA.ZS,Brazil,BRA,69.6832438571893,69.8156118631952,69.91586434966,69.9755767026875,69.9728145395597,69.9500923595267,69.9531903868086,69.9566718019645,69.9239580297178,69.8472803144544,69.7382661765625
"Population ages 15-64, total",SP.POP.1564.TO,China,CHN,987810066,988372117,988168271,986648065,984110714,981777589,979302341,977528322,975760249,974720366,976798955
"Population ages 15-64, total",SP.POP.1564.TO,India,IND,856342424,871420269,886641930,901825708,916251300,929875277,943088901,955281267,966626467,978190678,989967399
"Population ages 15-64, total",SP.POP.1564.TO,Brazil,BRA,139123483,140448837,141674834,142778508,143697195,144528231,145321093,145885274,146259149,146595887,146884644
"Population ages 20-24, female",SP.POP.2024.FE,China,CHN,50140581,46382923,43405284,41722530,40336064,39112543,38255106,37629021,37035577,36605841,36348784
"Population ages 20-24, female",SP.POP.2024.FE,India,IND,57985482,58365868,58750434,59134284,59493195,59826923,60243689,60799116,61298931,61645152,61835076
"Population ages 20-24, female",SP.POP.2024.FE,Brazil,BRA,8248971,8214734,8209603,8226781,8248073,8256124,8237883,8176399,8067310,7916483,7760334
"Population ages 20-24, female (% of female population)",SP.POP.2024.FE.5Y,China,CHN,7.48464487402904,6.88281650106156,6.40303456136845,6.11582824953473,5.88280115046494,5.68221505250517,5.54170066313958,5.44280853659893,5.35413851481345,5.29337651670444,5.25862790082611
"Population ages 20-24, female (% of female population)",SP.POP.2024.FE.5Y,India,IND,9.14581522184325,9.09514173298086,9.04510751016195,8.99738849441541,8.951609737345,8.9070673440643,8.87970796304834,8.88512522537692,8.8852969276531,8.85469143338482,8.80073845384252
"Population ages 20-24, female (% of female population)",SP.POP.2024.FE.5Y,Brazil,BRA,8.14748962818715,8.04671281965602,7.97758483721481,7.93311864484725,7.89646366187165,7.84991289851452,7.78507431215545,7.69081414610699,7.55667003379997,7.38287342031909,7.20527903582443
"Population ages 20-24, male",SP.POP.2024.MA,China,CHN,56079475,52224781,49192514,47553107,46207604,45014490,44208685,43637348,43079433,42690196,42491543
"Population ages 20-24, male",SP.POP.2024.MA,India,IND,63268159,63843109,64427370,64992218,65520926,65991270,66502014,67118716,67642188,67982582,68155217
"Population ages 20-24, male",SP.POP.2024.MA,Brazil,BRA,8407834,8377083,8375336,8395217,8420085,8434279,8423683,8370390,8268953,8123635,7970234
"Population ages 20-24, male (% of male population)",SP.POP.2024.MA.5Y,China,CHN,7.98912819209116,7.3976395465259,6.92946143938852,6.66001240058033,6.44368400333373,6.25711974621822,6.13339489734014,6.05227809907707,5.97946503953349,5.93604062123275,5.9200774010565
"Population ages 20-24, male (% of male population)",SP.POP.2024.MA.5Y,India,IND,9.32792565737952,9.3025245573944,9.27790672709696,9.25262693224628,9.22764747189335,9.19929904028085,9.18313543313787,9.19530061058965,9.1963691562388,9.16351470627055,9.10772194761183
"Population ages 20-24, male (% of male population)",SP.POP.2024.MA.5Y,Brazil,BRA,8.50654627007826,8.41178502470695,8.34947454627722,8.31195461293067,8.28303974375562,8.2462046712767,8.1907007292458,8.10797812575237,7.98555102467037,7.81772322153035,7.64200103786258
"Population ages 25-29, female",SP.POP.2529.FE,China,CHN,56396027,58088605,58095639,55851615,52989528,49873080,46168527,43238213,41562725,40184117,39000806
"Population ages 25-29, female",SP.POP.2529.FE,India,IND,54702275,55429866,56039606,56593383,57071892,57450398,57840211,58239306,58555075,58856179,59211688
"Population ages 25-29, female",SP.POP.2529.FE,Brazil,BRA,8581117,8491862,8393705,8295626,8206353,8142168,8113405,8105921,8110987,8126560,8130717
"Population ages 25-29, female (% of female population)",SP.POP.2529.FE.5Y,China,CHN,8.41841527492097,8.61983630811717,8.57011751531924,8.1869168977392,7.72824186956447,7.24549069581649,6.68805257770573,6.25414406167322,6.00861669772696,5.81081213006891,5.64229957693877
"Population ages 25-29, female (% of female population)",SP.POP.2529.FE.5Y,India,IND,8.62796835831015,8.63762527058657,8.62775339795044,8.61078587456369,8.58728968686683,8.55324890984778,8.52544382638682,8.51103687347962,8.48757417243293,8.45408424364183,8.42736201835469
"Population ages 25-29, female (% of female population)",SP.POP.2529.FE.5Y,Brazil,BRA,8.47554845861883,8.31817203807984,8.15648329733627,7.99950616058451,7.85652311000215,7.74156367555124,7.6674389211586,7.62452126524387,7.59758192119184,7.57879020552792,7.54917004496666
"Population ages 25-29, male",SP.POP.2529.MA,China,CHN,61183974,63371892,63736895,61624715,58815885,55706672,51917714,48943931,47322938,45996968,44853030
"Population ages 25-29, male",SP.POP.2529.MA,India,IND,59568361,60295610,60928394,61528594,62083691,62598774,63185626,63786666,64287447,64763212,65258361
"Population ages 25-29, male",SP.POP.2529.MA,Brazil,BRA,8633048,8549308,8456939,8364145,8280475,8222058,8198543,8196510,8207422,8229536,8241074
"Population ages 25-29, male (% of male population)",SP.POP.2529.MA.5Y,China,CHN,8.71631925595872,8.97662753781766,8.97824318008274,8.63080012635619,8.20191799631137,7.74335814568386,7.20292509971136,6.78827412149642,6.56846752431289,6.39584487088627,6.24908839004242
"Population ages 25-29, male (% of male population)",SP.POP.2529.MA.5Y,India,IND,8.78244690715861,8.78562152212268,8.77403426408467,8.75952751093805,8.74356413512441,8.72637913082288,8.72518178149608,8.73880794425554,8.74027159979119,8.72956907678672,8.7206091838683
"Population ages 25-29, male (% of male population)",SP.POP.2529.MA.5Y,Brazil,BRA,8.73440491701061,8.58472347623589,8.43082557164503,8.281190284896,8.14570251903943,8.03871691102093,7.97178813877533,7.93954926682156,7.92612887774331,7.91963581940869,7.90168721032561
"Population ages 30-34, female",SP.POP.3034.FE,China,CHN,48781730,49728433,51048962,52519403,54213798,56135406,57874577,57929324,55702933,52861422,49799084
"Population ages 30-34, female",SP.POP.3034.FE,India,IND,49086606,50219357,51330732,52415662,53371842,54201524,54935788,55548766,56041315,56475213,56880627
"Population ages 30-34, female",SP.POP.3034.FE,Brazil,BRA,8562833,8612358,8629579,8612042,8557916,8484420,8399917,8299446,8191420,8098401,8031559
"Population ages 30-34, female (% of female population)",SP.POP.3034.FE.5Y,China,CHN,7.28180474962792,7.37926055954002,7.53061006447677,7.69847018386707,7.90679510290951,8.15527252232317,8.38381105445806,8.3791236451851,8.05283024052431,7.64401002817413,7.20450102686344
"Population ages 30-34, female (% of female population)",SP.POP.3034.FE.5Y,India,IND,7.74223163164065,7.8256725149608,7.90278391803466,7.97513797063716,8.03056377341907,8.06955464547153,8.09734200986185,8.11784398257103,8.12320404072201,8.1120829875758,8.09559152591286
"Population ages 30-34, female (% of female population)",SP.POP.3034.FE.5Y,Brazil,BRA,8.45748939509051,8.43620344955361,8.38569107338746,8.30462740656492,8.19309925604822,8.06697597576376,7.93820184881697,7.80655355758092,7.67292324622125,7.5525292595191,7.45710428947194
"Population ages 30-34, male",SP.POP.3034.MA,China,CHN,51741021,52894241,54491373,56305160,58403254,60783908,63016755,63431979,61347262,58571312,55528110
"Population ages 30-34, male",SP.POP.3034.MA,India,IND,53479453,54702243,55871101,57007531,58008072,58853778,59595633,60236182,60778165,61296086,61846646
"Population ages 30-34, male",SP.POP.3034.MA,Brazil,BRA,8498183,8557883,8584561,8575070,8527532,8461134,8384907,8292701,8192576,8107738,8048069
"Population ages 30-34, male (% of male population)",SP.POP.3034.MA.5Y,China,CHN,7.37106849618013,7.49246845325365,7.6758806163806,7.88577411663297,8.14437633554786,8.44910584512201,8.74277638361517,8.79769268934968,8.51505658118839,8.14429830599683,7.73637956256684
"Population ages 30-34, male (% of male population)",SP.POP.3034.MA.5Y,India,IND,7.88473015406888,7.97061688893259,8.04575538593707,8.11588577019845,8.16957376962546,8.204320101353,8.22944654071049,8.25238976935113,8.26316331720342,8.2622278968137,8.26469461846743
"Population ages 30-34, male (% of male population)",SP.POP.3034.MA.5Y,Brazil,BRA,8.59795703071018,8.59333399864472,8.5580534990434,8.49002336529551,8.38873843512472,8.27246132732018,8.15299670989612,8.03272467727367,7.91179121210562,7.80242485590911,7.71663060968971
"Population ages 35-39, female",SP.POP.3539.FE,China,CHN,46383692,45335247,45318531,46467309,47774737,48557018,49544962,50904100,52391805,54111081,56083462
"Population ages 35-39, female",SP.POP.3539.FE,India,IND,43228508,44165812,45194423,46276897,47428167,48603778,49741493,50846894,51884187,52815123,53665702
"Population ages 35-39, female",SP.POP.3539.FE,Brazil,BRA,7788306,7958188,8121491,8268741,8387483,8472996,8525415,8539224,8513256,8456781,8382279
"Population ages 35-39, female (% of female population)",SP.POP.3539.FE.5Y,China,CHN,6.92384203771183,6.72735053569939,6.68527176209179,6.81133387834782,6.96769228657294,7.05429498716543,7.17716869362443,7.3629678447234,7.57414906795718,7.82471655409829,8.11367059877153
"Population ages 35-39, female (% of female population)",SP.POP.3539.FE.5Y,India,IND,6.8182574818292,6.88234985785462,6.95804920134177,7.04111381725031,7.13625210368175,7.23615894171844,7.33172118181574,7.43071686759571,7.52062711994489,7.58634873630355,7.63802414385068
"Population ages 35-39, female (% of female population)",SP.POP.3539.FE.5Y,Brazil,BRA,7.6924914040675,7.79541413349258,7.89196352685616,7.9735813270187,8.02993120199492,8.05611452618216,8.05680164636531,8.03209100859306,7.97438783680544,7.88675269893961,7.782739616929
"Population ages 35-39, male",SP.POP.3539.MA,China,CHN,48608795,47593078,47659859,48958324,50433603,51377332,52572479,54207913,56040230,58164459,60594540
"Population ages 35-39, male",SP.POP.3539.MA,India,IND,46582343,47663838,48846263,50072775,51357720,52655474,53887018,55044608,56125722,57104699,57979905
"Population ages 35-39, male",SP.POP.3539.MA,Brazil,BRA,7627559,7796517,7961420,8113174,8239835,8336535,8401017,8424827,8407348,8359157,8293365
"Population ages 35-39, male (% of male population)",SP.POP.3539.MA.5Y,China,CHN,6.92484894961418,6.74155876483846,6.71356533284186,6.85681897313158,7.0330026242659,7.1415696744101,7.29376545054581,7.51836168612488,7.7784356910788,8.08772559156448,8.44225322081324
"Population ages 35-39, male (% of male population)",SP.POP.3539.MA.5Y,India,IND,6.86785648187553,6.94505693585814,7.03413893941732,7.12861819240132,7.23297071132194,7.34026562156202,7.44115485557984,7.54114123287144,7.63063523714842,7.69726212613417,7.74797405881562
"Population ages 35-39, male (% of male population)",SP.POP.3539.MA.5Y,Brazil,BRA,7.71711039567788,7.82881399814084,7.9368361421542,8.03270837416494,8.10572348121551,8.15064023984498,8.16866162559849,8.16070852484149,8.11920281033891,8.04437519168067,7.95182474408821
"Population ages 40-44, female",SP.POP.4044.FE,China,CHN,59861195,57395525,54403795,51387334,48367270,46127571,45127659,45150868,46321543,47658004,48481004
"Population ages 40-44, female",SP.POP.4044.FE,India,IND,38460308,39340434,40216338,41081344,41890672,42701924,43638105,44646286,45685257,46820958,48012517
"Population ages 40-44, female",SP.POP.4044.FE,Brazil,BRA,6974692,7101735,7238321,7384103,7536432,7700094,7870326,8027939,8166195,8281868,8366021
"Population ages 40-44, female (% of female population)",SP.POP.4044.FE.5Y,China,CHN,8.93567189639085,8.51698946057459,8.02550634932583,7.53252775784867,7.05410999212131,6.70134845363002,6.5372705604395,6.53079797966831,6.69658675813749,6.89157131217271,7.01381272263695
"Population ages 40-44, female (% of female population)",SP.POP.4044.FE.5Y,India,IND,6.06618860809296,6.13041206865311,6.19163257372722,6.25060092834349,6.3030561512691,6.35748753521302,6.43210324050768,6.52456589493356,6.62209050951466,6.72534856659611,6.8334289232633
"Population ages 40-44, female (% of female population)",SP.POP.4044.FE.5Y,Brazil,BRA,6.88888727564942,6.95647876260106,7.03375301540081,7.1205212769529,7.21515983621224,7.32123979118463,7.43772115523204,7.55117097701372,7.64929492528299,7.72362968856135,7.76764400098565
"Population ages 40-44, male",SP.POP.4044.MA,China,CHN,61973276,59508847,56493361,53441896,50386002,48144457,47188710,47300851,48623953,50128672,51112111
"Population ages 40-44, male",SP.POP.4044.MA,India,IND,40837409,41806384,42791419,43779615,44714951,45655208,46734880,47879391,49042941,50308226,51622180
"Population ages 40-44, male",SP.POP.4044.MA,Brazil,BRA,6759616,6881683,7014904,7158078,7307801,7469611,7639310,7796411,7936838,8060566,8156539
"Population ages 40-44, male (% of male population)",SP.POP.4044.MA.5Y,China,CHN,8.8287638626691,8.42942727531201,7.95788894031189,7.48476193515843,7.02636468379942,6.6921924629406,6.54683567369194,6.5603873420411,6.74904955196142,6.97035537903855,7.12112644409119
"Population ages 40-44, male (% of male population)",SP.POP.4044.MA.5Y,India,IND,6.02085352605926,6.09157226679522,6.16220698692452,6.23269152535064,6.29743553532352,6.36441622840084,6.45352985086206,6.55950266653957,6.66768777413941,6.78115121896051,6.89837817946598
"Population ages 40-44, male (% of male population)",SP.POP.4044.MA.5Y,Brazil,BRA,6.83897775472853,6.91019024801151,6.9932428045682,7.0870848598482,7.18885920692806,7.30304755738354,7.42802143582378,7.55199386185879,7.66481812519278,7.75702873385666,7.82063403964891
"Population ages 45-49, female",SP.POP.4549.FE,China,CHN,58543315,59451669,60285361,61049105,60889687,59426420,57028683,54098374,51130200,48165337,45975680
"Population ages 45-49, female",SP.POP.4549.FE,India,IND,33902368,34595836,35352548,36151680,36968547,37828159,38698224,39534514,40351898,41153460,41973609
"Population ages 45-49, female",SP.POP.4549.FE,Brazil,BRA,6475608,6511647,6567945,6650255,6758041,6879442,7006363,7135873,7272021,7420735,7582165
"Population ages 45-49, female (% of female population)",SP.POP.4549.FE.5Y,China,CHN,8.73894777817302,8.82210296535292,8.8931395398174,8.94878247023832,8.88043812731159,8.63338631872763,8.26127339100399,7.82500019156989,7.39176206375968,6.96493403643519,6.65136401347841
"Population ages 45-49, female (% of female population)",SP.POP.4549.FE.5Y,India,IND,5.34728319255726,5.39106236690411,5.44281259166042,5.50054368521752,5.56245141978466,5.63187847242239,5.7039822156412,5.77753638269426,5.84901879882733,5.9112708205251,5.97393543732174
"Population ages 45-49, female (% of female population)",SP.POP.4549.FE.5Y,Brazil,BRA,6.39594220230497,6.37846024303416,6.38232304822302,6.41286815991439,6.46995103182456,6.54096536641847,6.62124681947248,6.71208352395999,6.81172082743054,6.92054125433372,7.03985351704895
"Population ages 45-49, male",SP.POP.4549.MA,China,CHN,59835969,60803194,61712954,62561800,62479517,61076492,58708249,55783379,52814513,49849324,47679483
"Population ages 45-49, male",SP.POP.4549.MA,India,IND,35620188,36310889,37084625,37920627,38790269,39720245,40676622,41599128,42517134,43441588,44391111
"Population ages 45-49, male",SP.POP.4549.MA,Brazil,BRA,6209719,6241829,6293887,6371798,6474665,6591382,6714223,6837801,6968063,7113490,7272748
"Population ages 45-49, male (% of male population)",SP.POP.4549.MA.5Y,China,CHN,8.52428137505936,8.61277149158264,8.69314243122686,8.76204290589052,8.71281409004876,8.48977567572337,8.14502569870077,7.73687073715199,7.33070323075304,6.93151223866138,6.64288017188814
"Population ages 45-49, male (% of male population)",SP.POP.4549.MA.5Y,India,IND,5.25165380885682,5.2908284058891,5.34039635265832,5.39857582018344,5.46303215845279,5.53707201690097,5.61695663515628,5.69910328060505,5.78046446882316,5.85558269178047,5.93207547677109
"Population ages 45-49, male (% of male population)",SP.POP.4549.MA.5Y,Brazil,BRA,6.28262464970127,6.2676856176466,6.27445266717002,6.30860355113661,6.36928327512433,6.44440245108922,6.52852098332985,6.62343630227943,6.72924596824316,6.84561635615758,6.97323962949061
"Population ages 50-54, female",SP.POP.5054.FE,China,CHN,44097205,49157500,54379041,57344698,57571152,57903342,58862173,59738602,60536192,60432093,59026719
"Population ages 50-54, female",SP.POP.5054.FE,India,IND,29759907,30429605,31067442,31709531,32371094,33040553,33728260,34428137,35179011,36015162,36894343
"Population ages 50-54, female",SP.POP.5054.FE,Brazil,BRA,6028177,6143173,6233621,6297192,6335914,6364458,6400212,6449326,6523549,6629255,6747807
"Population ages 50-54, female (% of female population)",SP.POP.5054.FE.5Y,China,CHN,6.58253067917211,7.29453923261256,8.0218546418919,8.40577801136024,8.39644744822257,8.41211573940905,8.52687592785633,8.64082476434345,8.75156211443047,8.73876453119065,8.5394755551023
"Population ages 50-54, female (% of female population)",SP.POP.5054.FE.5Y,India,IND,4.69390967577276,4.74183948180319,4.78308549062237,4.82466258146198,4.87069827564927,4.91909688646574,4.97142698860088,5.03129529063852,5.09920733130198,5.17320720683152,5.2510239486762
"Population ages 50-54, female (% of female population)",SP.POP.5054.FE.5Y,Brazil,BRA,5.95401615636281,6.01752289813154,6.05744764643842,6.07240806159577,6.06581849486799,6.05131874480017,6.04841389875883,6.06630958612167,6.11062428599851,6.1824104017631,6.26517224417187
"Population ages 50-54, male",SP.POP.5054.MA,China,CHN,44472524,49602041,54875972,57857871,58099846,58472576,59481364,60422799,61302770,61288205,59965925
"Population ages 50-54, male",SP.POP.5054.MA,India,IND,31104157,31740147,32346511,32963398,33606373,34265392,34948447,35642934,36406736,37281135,38222139
"Population ages 50-54, male",SP.POP.5054.MA,Brazil,BRA,5702389,5808709,5891766,5949766,5984692,6010476,6042700,6084941,6152016,6252678,6366856
"Population ages 50-54, male (% of male population)",SP.POP.5054.MA.5Y,China,CHN,6.33559232382875,7.02612836432839,7.73005684351238,8.10323777750024,8.10206587527988,8.12782521469124,8.252285740017,8.38033468019369,8.50888108103286,8.52208029996268,8.354672277022
"Population ages 50-54, male (% of male population)",SP.POP.5054.MA.5Y,India,IND,4.58583394355351,4.62482958396063,4.65808106096859,4.6928390990862,4.73295760837437,4.77665591416524,4.82596401622376,4.88310138732328,4.94971848970813,5.02520238817518,5.10770311618214
"Population ages 50-54, male (% of male population)",SP.POP.5054.MA.5Y,Brazil,BRA,5.76933881144987,5.83277189631122,5.87357284231753,5.89075670034268,5.88728504430287,5.87645041492272,5.87557048398702,5.89417799224334,5.94116736179454,6.01722049165696,6.10465391102966
"Population ages 55-59, female",SP.POP.5559.FE,China,CHN,41282888,38949757,36556957,35843806,38614498,43397958,48420766,53597653,56551300,56825905,57205386
"Population ages 55-59, female",SP.POP.5559.FE,India,IND,25325849,25944571,26565163,27190746,27827632,28478409,29100528,29622416,30170522,30831921,31528368
"Population ages 55-59, female",SP.POP.5559.FE,Brazil,BRA,5112328,5278914,5441266,5598550,5748897,5884998,5997502,6076687,6129190,6166153,6194348
"Population ages 55-59, female (% of female population)",SP.POP.5559.FE.5Y,China,CHN,6.16242859196691,5.77980023609089,5.39278721008678,5.25410530372153,5.63171992478896,6.30479411188698,7.01431572973728,7.75257391933406,8.17547655248523,8.21729277671601,8.27598080536129
"Population ages 55-59, female (% of female population)",SP.POP.5559.FE.5Y,India,IND,3.99454366634757,4.04293743164847,4.08992314648314,4.13712124737721,4.18706885654273,4.2398822151493,4.28931548191404,4.32899178129026,4.37322539914508,4.42868806565424,4.48730624672013
"Population ages 55-59, female (% of female population)",SP.POP.5559.FE.5Y,Brazil,BRA,5.04943426654957,5.17094118878925,5.28748553956386,5.39870519899203,5.5038265248729,5.59544924896525,5.66783998386941,5.71580062270168,5.74122768727774,5.7505242023915,5.7512992236354
"Population ages 55-59, male",SP.POP.5559.MA,China,CHN,40613118,38362894,36034762,35380194,38194366,42984534,47982121,53103266,56011299,56295989,56707762
"Population ages 55-59, male",SP.POP.5559.MA,India,IND,26147775,26761739,27375445,27991664,28617405,29253476,29842077,30308028,30815092,31457519,32137630
"Population ages 55-59, male",SP.POP.5559.MA,Brazil,BRA,4731135,4886852,5038345,5185283,5325954,5452536,5554651,5621080,5663915,5697406,5724442
"Population ages 55-59, male (% of male population)",SP.POP.5559.MA.5Y,China,CHN,5.78577823538616,5.43410340209481,5.07600593390543,4.95514478623999,5.32623210730186,5.97495109032323,6.65691141335548,7.36515273207867,7.77442009966111,7.82791622941656,7.90073309109163
"Population ages 55-59, male (% of male population)",SP.POP.5559.MA.5Y,India,IND,3.85509088755739,3.89942995327079,3.94221935992068,3.9850375138541,4.03033562593029,4.0779859386101,4.12083511782258,4.15221642571241,4.18950022159929,4.24022498234978,4.29461772015324
"Population ages 55-59, male (% of male population)",SP.POP.5559.MA.5Y,Brazil,BRA,4.78668122858126,4.90709605301836,5.02278754343266,5.13385571751435,5.23926911367864,5.33095177691923,5.40101994591387,5.44485904278106,5.46979505617221,5.48285888719994,5.48869650830636
"Population ages 60-64, female",SP.POP.6064.FE,China,CHN,37619994,39403725,40520017,41235373,41389486,40213974,37969600,35660756,35002089,37771419,42498544
"Population ages 60-64, female",SP.POP.6064.FE,India,IND,20162720,20966787,21730518,22450059,23107841,23701669,24253235,24710449,25198184,25809183,26456422
"Population ages 60-64, female",SP.POP.6064.FE,Brazil,BRA,4124778,4280664,4439857,4600733,4764097,4929096,5089684,5236762,5379166,5523358,5654490
"Population ages 60-64, female (% of female population)",SP.POP.6064.FE.5Y,China,CHN,5.61565675392529,5.84716506165961,5.97740749726367,6.04441926711615,6.0364371845161,5.84222942660811,5.50034179455088,5.15811108208361,5.0601623184789,5.46192464522755,6.14832210634432
"Population ages 60-64, female (% of female population)",SP.POP.6064.FE.5Y,India,IND,3.18018416212809,3.26725032314855,3.34559012043229,3.41581719757452,3.47690819499559,3.52871836563818,3.57484160285409,3.6111615822623,3.65248370934295,3.70722352819762,3.76543651315535
"Population ages 60-64, female (% of female population)",SP.POP.6064.FE.5Y,Brazil,BRA,4.07403297487811,4.19310860082453,4.31437816101578,4.43650569308506,4.56100681630768,4.68657834174089,4.80992120978031,4.92575758888338,5.0386783202451,5.15105625536872,5.25005439588705
"Population ages 60-64, male",SP.POP.6064.MA,China,CHN,35619656,37282332,38400099,39166770,39418402,38374180,36274094,34097647,33543614,36317207,40930855
"Population ages 60-64, male",SP.POP.6064.MA,India,IND,20303305,21104277,21869587,22594382,23257654,23856378,24391302,24812283,25280408,25884769,26519323
"Population ages 60-64, male",SP.POP.6064.MA,Brazil,BRA,3688338,3831121,3977660,4125420,4275722,4427613,4574051,4704622,4832047,4964556,5084846
"Population ages 60-64, male (% of male population)",SP.POP.6064.MA.5Y,China,CHN,5.07440552801537,5.28104177250126,5.40919705439888,5.4854706022504,5.49692479162928,5.33410102431146,5.03257098976672,4.7291700583795,4.65588460038853,5.04988113050647,5.70263654108528
"Population ages 60-64, male (% of male population)",SP.POP.6064.MA.5Y,India,IND,2.99341279192027,3.07508609262899,3.14934450540475,3.21665265260908,3.27549444522798,3.32562105416046,3.36814813229768,3.39929629642604,3.4370260818342,3.48906233043154,3.54383172344543
"Population ages 60-64, male (% of male population)",SP.POP.6064.MA.5Y,Brazil,BRA,3.73164119587857,3.84699162932206,3.96537773812836,4.08450426514278,4.20613062247181,4.32888278507823,4.44754187227932,4.55713250158265,4.66643768314198,4.77760586804386,4.87544009490454
Population ages 65 and above (% of total population),SP.POP.65UP.TO.ZS,China,CHN,9.6661987378912,10.053420914992,10.4907994645602,10.9809606634325,11.5162092042497,12.0613659717192,12.6452376078587,13.2057410345267,13.781930345649,14.3160774690688,14.665268836569
Population ages 65 and above (% of total population),SP.POP.65UP.TO.ZS,India,IND,5.30715461269221,5.46921307827757,5.64173085340436,5.8247052897296,6.01925951437221,6.22347304109804,6.41685302336898,6.54579069268807,6.69899975408181,6.92184330138637,7.14651714039908
Population ages 65 and above (% of total population),SP.POP.65UP.TO.ZS,Brazil,BRA,7.65357587023447,7.95680732355772,8.26857395268557,8.5916529152697,8.92785021515533,9.27307434876159,9.59866487647293,9.91109990998152,10.251784783293,10.6336314676644,11.0491844889702
"Population ages 65 and above, female",SP.POP.65UP.FE.IN,China,CHN,71561625,74985982,78854392,83219915,87861604,92487638,97336695,101883426,106465255,110720269,113585198
"Population ages 65 and above, female",SP.POP.65UP.FE.IN,India,IND,37109634,38613415,40217956,41914690,43698562,45559944,47391566,48729429,50207224,52259267,54370752
"Population ages 65 and above, female",SP.POP.65UP.FE.IN,Brazil,BRA,8612035,9015116,9432892,9866706,10316656,10781357,11214864,11630708,12087223,12590111,13129180
"Population ages 65 and above, female (% of female population)",SP.POP.65UP.FE.ZS,China,CHN,10.6822325556476,11.1272580222502,11.6323947227725,12.1986540760801,12.8141493158134,13.4364734717685,14.1003616659921,14.7368167016818,15.3914091601632,16.0106710715509,16.4325247415238
"Population ages 65 and above, female (% of female population)",SP.POP.65UP.FE.ZS,India,IND,5.85315226860116,6.01712091779342,6.19188175497591,6.37739603379644,6.57507921401153,6.78299115265878,6.98535020065507,7.12127246756211,7.27755094380342,7.50650567210504,7.73837108280662
"Population ages 65 and above, female (% of female population)",SP.POP.65UP.FE.ZS,Brazil,BRA,8.50608609404699,8.83072355995024,9.16630197332042,9.51450504539093,9.87686507557131,10.2509008164533,10.5984211639391,10.9399765857366,11.3221321822134,11.7414760899211,12.1901195639911
"Population ages 65 and above, male",SP.POP.65UP.MA.IN,China,CHN,61045089,63737152,66735874,70097905,73683173,77305638,81100253,84629178,88159720,91238067,93044774
"Population ages 65 and above, male",SP.POP.65UP.MA.IN,India,IND,32534945,34019075,35603764,37281347,39045735,40885983,42612350,43841398,45281873,47281658,49320623
"Population ages 65 and above, male",SP.POP.65UP.MA.IN,Brazil,BRA,6701633,7031818,7370348,7720704,8084292,8456142,8813791,9138031,9472938,9861816,10294934
"Population ages 65 and above, male (% of male population)",SP.POP.65UP.MA.ZS,China,CHN,8.69653360231406,9.02836662500467,9.40069184370047,9.81750605373689,10.2751720434629,10.7456650771747,11.2516325929964,11.7376363002507,12.2366505105461,12.6865868014662,12.9633385576778
"Population ages 65 and above, male (% of male population)",SP.POP.65UP.MA.ZS,India,IND,4.79678182653118,4.95689015449615,5.12714389686587,5.30756455594171,5.49901074347834,5.69957794451642,5.88425766723156,6.00629549288907,6.15634764493584,6.37319370773675,6.59081637972026
"Population ages 65 and above, male (% of male population)",SP.POP.65UP.MA.ZS,Brazil,BRA,6.78031349530295,7.06094719050126,7.3475892607136,7.64413082733835,7.9527120891252,8.26758064265711,8.57001863386475,8.85155356685257,9.14827182504712,9.4904489436607,9.87096395058492
"Population ages 65 and above, total",SP.POP.65UP.TO,China,CHN,132606714,138723134,145590266,153317820,161544776,169793276,178436948,186512604,194624975,201958336,206629972
"Population ages 65 and above, total",SP.POP.65UP.TO,India,IND,69644579,72632490,75821720,79196036,82744296,86445927,90003916,92570827,95489097,99540924,103691375
"Population ages 65 and above, total",SP.POP.65UP.TO,Brazil,BRA,15313667,16046933,16803240,17587410,18400948,19237499,20028655,20768739,21560161,22451927,23424113
"Population ages 65-69, female",SP.POP.6569.FE,China,CHN,24381475,26471677,28755111,31292683,33817315,35946934,37695737,38793955,39507542,39685195,38574628
"Population ages 65-69, female",SP.POP.6569.FE,India,IND,13895517,14662200,15484923,16362651,17311858,18182743,18896130,19446702,19989547,20620793,21207801
"Population ages 65-69, female",SP.POP.6569.FE,Brazil,BRA,3031983,3212799,3394854,3572890,3744636,3902142,4048344,4186711,4328003,4482837,4640221
"Population ages 65-69, female (% of female population)",SP.POP.6569.FE.5Y,China,CHN,3.63950075778869,3.92816326769102,4.24187917084721,4.58698640733652,4.93207612764106,5.22231987386338,5.46066950582662,5.61130919444539,5.71150415193642,5.73866563272011,5.58064382403296
"Population ages 65-69, female (% of female population)",SP.POP.6569.FE.5Y,India,IND,2.19168361649527,2.28480784021385,2.38402993451214,2.48960702881493,2.60481891782294,2.70705742965945,2.78522315299131,2.84192266072074,2.89749034194866,2.96196471435466,3.0184211930549
"Population ages 65-69, female (% of female population)",SP.POP.6569.FE.5Y,Brazil,BRA,2.99468243348153,3.14708587643757,3.29890882740196,3.44535247443542,3.5850051149449,3.71015223215102,3.82582063543581,3.93806811341542,4.05405129457908,4.18067191389446,4.30833112870738
"Population ages 65-69, male",SP.POP.6569.MA,China,CHN,23237570,24924398,26722076,28686253,30669590,32428084,33979409,35022489,35762285,36029698,35079414
"Population ages 65-69, male",SP.POP.6569.MA,India,IND,13185620,14036266,14939584,15893349,16881262,17744267,18414252,18914090,19427801,20034388,20613163
"Population ages 65-69, male",SP.POP.6569.MA,Brazil,BRA,2620931,2759237,2905985,3058138,3206483,3344053,3470564,3587456,3710442,3850614,3993486
"Population ages 65-69, male (% of male population)",SP.POP.6569.MA.5Y,China,CHN,3.31044334066173,3.53054058596884,3.76418237805761,4.01763016033446,4.27689664386401,4.5075797532921,4.71421257559109,4.85744099477429,4.96383825282216,5.00990323616724,4.8873923358718
"Population ages 65-69, male (% of male population)",SP.POP.6569.MA.5Y,India,IND,1.94401869791195,2.04521220184412,2.15138476480845,2.2626590847534,2.37747457667809,2.47358203017427,2.54278870435307,2.59124070876174,2.64132836581137,2.70047707936973,2.75457940460816
"Population ages 65-69, male (% of male population)",SP.POP.6569.MA.5Y,Brazil,BRA,2.65170222771211,2.77066678886412,2.89701136940967,3.02780788823905,3.15429448798011,3.26948432476999,3.3745751217958,3.47498919107701,3.58327395440269,3.70561069315435,3.82902438443955
"Population ages 70-74, female",SP.POP.7074.FE,China,CHN,17495770,18045214,18734778,19662260,20917059,22477861,24481027,26676375,29106909,31522585,33529209
"Population ages 70-74, female",SP.POP.7074.FE,India,IND,10033679,10294680,10604595,10950433,11305102,11802109,12455934,13026204,13664920,14502303,15290501
"Population ages 70-74, female",SP.POP.7074.FE,Brazil,BRA,2227746,2304398,2393313,2500535,2628461,2782008,2949094,3107121,3261998,3420327,3565249
"Population ages 70-74, female (% of female population)",SP.POP.7074.FE.5Y,China,CHN,2.61164957588741,2.67775049640351,2.76370563483215,2.88215992379158,3.05064220840314,3.26555196995155,3.54636387693466,3.85857513192044,4.20791126340931,4.55831393560269,4.85071615683039
"Population ages 70-74, female (% of female population)",SP.POP.7074.FE.5Y,India,IND,1.58257162891561,1.60421797372725,1.63266363877707,1.66612824323925,1.70101572615777,1.757104976275,1.83596089616931,1.9036370989257,1.98073384428151,2.08310653820765,2.17623561489163
"Population ages 70-74, female (% of female population)",SP.POP.7074.FE.5Y,Brazil,BRA,2.20033945192263,2.25726454436107,2.32567366528066,2.41127663385624,2.51641225527281,2.64513021913938,2.78699270626555,2.92259297706228,3.05552173018696,3.18977980571209,3.31024616011508
"Population ages 70-74, male",SP.POP.7074.MA,China,CHN,16051645,16461909,17001047,17800201,18852756,20069867,21574911,23177262,24926689,26676047,28205351
"Population ages 70-74, male",SP.POP.7074.MA,India,IND,8903747,9172181,9480068,9815835,10184368,10729139,11412174,11997316,12658030,13483549,14224239
"Population ages 70-74, male",SP.POP.7074.MA,Brazil,BRA,1864346,1934209,2001616,2073889,2162722,2272260,2389303,2500923,2621667,2753262,2877264
"Population ages 70-74, male (% of male population)",SP.POP.7074.MA.5Y,China,CHN,2.28673050357323,2.33182917354941,2.39483801997498,2.49299288459162,2.62903054228387,2.78975855112837,2.9932455554783,3.21456831704307,3.45984742894023,3.70928490942966,3.92967272246036
"Population ages 70-74, male (% of male population)",SP.POP.7074.MA.5Y,India,IND,1.3127217870284,1.33647055024121,1.36518356516084,1.39743282164596,1.43431669975467,1.49566077837145,1.57588526597258,1.64363890035838,1.72093666261845,1.81747582865005,1.90081433866429
"Population ages 70-74, male (% of male population)",SP.POP.7074.MA.5Y,Brazil,BRA,1.88623499332003,1.94222156709731,1.99543488985803,2.05332001355997,2.12752167519158,2.22159145282613,2.32322013065301,2.42251901980565,2.5318145596177,2.64958223105371,2.75877150836533
"Population ages 75-79, female",SP.POP.7579.FE,China,CHN,13850520,13944872,14170739,14460695,14753883,15164232,15706266,16375324,17241445,18369107,19761445
"Population ages 75-79, female",SP.POP.7579.FE,India,IND,6987949,7169576,7331719,7478598,7626797,7800937,8005258,8135682,8303288,8590918,9016761
"Population ages 75-79, female",SP.POP.7579.FE,Brazil,BRA,1627787,1682441,1738751,1796905,1857107,1920889,1986372,2055915,2143626,2256565,2392455
"Population ages 75-79, female (% of female population)",SP.POP.7579.FE.5Y,China,CHN,2.0675113717731,2.06929596367011,2.09043056094814,2.11969718432587,2.1517757240963,2.20303818804527,2.27523687330835,2.36859089093474,2.49255150667548,2.65625915324933,2.85891510849841
"Population ages 75-79, female (% of female population)",SP.POP.7579.FE.5Y,India,IND,1.1021809718952,1.11723370569192,1.12877781616553,1.13788225065005,1.14756173696803,1.16140814494733,1.17994682163265,1.18894077879047,1.20356388198383,1.23399693517683,1.28331936100117
"Population ages 75-79, female (% of female population)",SP.POP.7579.FE.5Y,Brazil,BRA,1.60776136751083,1.64802935339801,1.68961125185767,1.73276334025162,1.77793999042897,1.82637887034221,1.87718829268661,1.93381756572797,2.00793986519727,2.10446197524318,2.22133587905172
"Population ages 75-79, male",SP.POP.7579.MA,China,CHN,11638683,11774103,11988950,12181208,12343207,12627031,13015232,13510140,14205563,15052265,16005255
"Population ages 75-79, male",SP.POP.7579.MA,India,IND,5726528,5886155,6042784,6200170,6369273,6563601,6763527,6883335,7050266,7352820,7793934
"Population ages 75-79, male",SP.POP.7579.MA,Brazil,BRA,1185760,1249188,1311901,1372628,1431420,1488171,1539488,1580786,1629079,1700312,1792855
"Population ages 75-79, male (% of male population)",SP.POP.7579.MA.5Y,China,CHN,1.65805633406497,1.66780149834013,1.68881313449138,1.70602931033269,1.72126916189305,1.75518699778825,1.80569859182356,1.87378770487918,1.97174533356888,2.09300642170429,2.22991072052964
"Population ages 75-79, male (% of male population)",SP.POP.7579.MA.5Y,India,IND,0.84428919793737,0.85766659429075,0.870195172082826,0.88268820293954,0.897017333740937,0.914977524111526,0.933962457839017,0.943020715675695,0.958526781920169,0.991102017904531,1.04151937769015
"Population ages 75-79, male (% of male population)",SP.POP.7579.MA.5Y,Brazil,BRA,1.19968150002114,1.25436232788099,1.30784959934722,1.35901400529141,1.40812229972356,1.45498665379125,1.496908832427,1.53122881532218,1.57324506318315,1.63628275756404,1.71902053938901
"Population ages 80 and above, female",SP.POP.80UP.FE,China,CHN,15833860,16524219,17193764,17804277,18373347,18898610,19453664,20037771,20609359,21143382,21719915
"Population ages 80 and above, female",SP.POP.80UP.FE,India,IND,6192488,6486958,6796720,7123008,7454804,7774154,8034244,8120841,8249470,8545252,8855690
"Population ages 80 and above, female",SP.POP.80UP.FE,Brazil,BRA,1724519,1815477,1905974,1996375,2086452,2176317,2231053,2280961,2353596,2430382,2531253
"Population ages 80 and above, male",SP.POP.80UP.MA,China,CHN,10117191,10576742,11023801,11430244,11817620,12180656,12530700,12919286,13265182,13480058,13754755
"Population ages 80 and above, male",SP.POP.80UP.MA,India,IND,4719051,4924474,5141328,5371992,5610832,5848977,6022397,6046656,6145776,6410901,6689287
"Population ages 80 and above, male",SP.POP.80UP.MA,Brazil,BRA,1030595,1089185,1150847,1216050,1283667,1351658,1414435,1468866,1511751,1557629,1631329
"Population ages 80 and above, male (% of male population)",SP.POP.80UP.MA.5Y,China,CHN,1.44130342401414,1.4981953671463,1.55285831117651,1.60085369847812,1.64797569542195,1.69313977496594,1.7384758701035,1.79183928355418,1.84121949521482,1.874392234165,1.91636277881602
"Population ages 80 and above, male (% of male population)",SP.POP.80UP.MA.5Y,India,IND,0.69575214365347,0.71754080812008,0.740380394813757,0.764784446602813,0.790202133304643,0.815357611859176,0.831621239066883,0.82839516809325,0.835555834585846,0.864138781812444,0.89390325875766
"Population ages 80 and above, male (% of male population)",SP.POP.80UP.MA.5Y,Brazil,BRA,1.04269477424967,1.09369650665884,1.14729340209867,1.20398892024793,1.26277362622996,1.32151821126974,1.37531454898894,1.42281654064773,1.45993824784358,1.49897326188861,1.56414751839103
"Population ages 80 and older, female (% of female population)",SP.POP.80UP.FE.5Y,China,CHN,2.36357085019844,2.45204829448556,2.53637935614499,2.6098105606261,2.67965525567291,2.74556343990827,2.81809140992244,2.89834148438124,2.979442238142,3.0574323499788,3.142249652162
"Population ages 80 and older, female (% of female population)",SP.POP.80UP.FE.5Y,India,IND,0.976716051295075,1.01086139816039,1.04641036552118,1.08377851109221,1.12168283306279,1.15742060177701,1.1842193298618,1.1867719291252,1.19576287558943,1.2274374843659,1.26039491385893
"Population ages 80 and older, female (% of female population)",SP.POP.80UP.FE.5Y,Brazil,BRA,1.703302841132,1.77834378575359,1.85210822878013,1.92511259684765,1.99750771492462,2.06923949482065,2.10841952955114,2.14549792953088,2.20461929225006,2.26656239507139,2.35020639611697
Population growth (annual %),SP.POP.GROW,China,CHN,0.630326389541893,0.581456146657648,0.573050906069647,0.605245013482969,0.467672053461959,0.354740890170827,0.238040870229883,0.0892522000412526,-0.0130995013525784,-0.103794531589067,-0.123063407363995
Population growth (annual %),SP.POP.GROW,India,IND,1.26129027125347,1.19285563384335,1.19162966402099,1.1623961434697,1.09729906702925,1.04001395098104,0.973438646910149,0.822648220128724,0.790200540609834,0.883289539766135,0.890706546985984
Population growth (annual %),SP.POP.GROW,Brazil,BRA,0.806314177734439,0.791721773592796,0.761972670496742,0.72824666001736,0.683439571425594,0.651994346081362,0.579350709708032,0.425360907216456,0.360180890872169,0.395928695574996,0.405467027627251
"Population, female",SP.POP.TOTL.FE.IN,China,CHN,669912632,673894521,677886142,682205710,685660839,688332681,690313465,691353011,691718700,691540464,691221827
"Population, female",SP.POP.TOTL.FE.IN,India,IND,634011081,641725761,649527205,657238304,664608905,671679248,678442228,684279793,689891756,696186332,702612364
"Population, female",SP.POP.TOTL.FE.IN,Brazil,BRA,101245560,102088078,102908376,103701726,104452738,105174727,105816369,106313829,106757480,107227668,107703455
"Population, female (% of total population)",SP.POP.TOTL.FE.ZS,China,CHN,48.8324342393023,48.8378908837152,48.8464495111605,48.8610787224703,48.8794119351562,48.8961197201903,48.9202370303596,48.9501976457758,48.982505726617,49.020738784951,49.0584877288087
"Population, female (% of total population)",SP.POP.TOTL.FE.ZS,India,IND,48.3138078866449,48.3218315964544,48.3299201412735,48.3385229249662,48.3471809414411,48.3559820255384,48.3697182728258,48.3862189133723,48.3990824754438,48.4111710543389,48.4247730573765
"Population, female (% of total population)",SP.POP.TOTL.FE.ZS,Brazil,BRA,50.6012423402165,50.6199624125947,50.6393716457776,50.6594925617422,50.6788249444545,50.69749791448,50.7121357695272,50.7342781394523,50.76282623143,50.7849283782666,50.8038584769153
"Population, male",SP.POP.TOTL.MA.IN,China,CHN,701947368,705965479,709903858,714009290,717099161,719412319,720786535,721006989,720456300,719169536,717753173
"Population, male",SP.POP.TOTL.MA.IN,India,IND,678266110,686298737,694417091,702419096,710050159,717351064,724175467,729924103,735531456,741883264,748323427
"Population, male",SP.POP.TOTL.MA.IN,Brazil,BRA,98839567,99587454,100309738,101001719,101654523,102280732,102844473,103236465,103548935,103913061,104295118
"Population, male (% of total population)",SP.POP.TOTL.MA.ZS,China,CHN,51.1675657606977,51.1621091162848,51.1535504888395,51.1389212775297,51.1205880648438,51.1038802798097,51.0797629696404,51.0498023542242,51.017494273383,50.979261215049,50.9415122711914
"Population, male (% of total population)",SP.POP.TOTL.MA.ZS,India,IND,51.6861921133551,51.6781684035457,51.6700798587265,51.6614770750338,51.6528190585589,51.6440179744616,51.6302817271742,51.6137810866277,51.6009175245562,51.5888289456611,51.5752269426235
"Population, male (% of total population)",SP.POP.TOTL.MA.ZS,Brazil,BRA,49.3987576597835,49.3800375874053,49.3606283542224,49.3405074382578,49.3211750555455,49.30250208552,49.2878642304728,49.2657218605477,49.23717376857,49.2150716217334,49.1961415230847
"Population, total",SP.POP.TOTL,China,CHN,1371860000,1379860000,1387790000,1396215000,1402760000,1407745000,1411100000,1412360000,1412175000,1410710000,1408975000
"Population, total",SP.POP.TOTL,India,IND,1312277191,1328024498,1343944296,1359657400,1374659064,1389030312,1402617695,1414203896,1425423212,1438069596,1450935791
"Population, total",SP.POP.TOTL,Brazil,BRA,200085127,201675532,203218114,204703445,206107261,207455459,208660842,209550294,210306415,211140729,211998573
Postnatal care coverage (% mothers),SH.STA.PNVC.ZS,China,CHN,..,..,..,..,..,..,..,..,..,..,..
Postnatal care coverage (% mothers),SH.STA.PNVC.ZS,India,IND,..,..,65.3,..,..,..,..,81.5,..,..,..
Postnatal care coverage (% mothers),SH.STA.PNVC.ZS,Brazil,BRA,..,..,..,..,..,..,..,..,..,..,..
Poverty headcount ratio at national poverty line (% of population),SI.POV.NAHC,China,CHN,7.2,5.7,4.5,3.1,1.7,0.6,0,..,..,..,..
Poverty headcount ratio at national poverty line (% of population),SI.POV.NAHC,India,IND,..,..,..,..,..,..,..,..,..,..,..
Poverty headcount ratio at national poverty line (% of population),SI.POV.NAHC,Brazil,BRA,..,..,..,..,..,..,..,..,..,..,..
Pregnant women receiving prenatal care (%),SH.STA.ANVC.ZS,China,CHN,96.2,96.5,96.6,..,99.6,..,..,..,..,..,..
Pregnant women receiving prenatal care (%),SH.STA.ANVC.ZS,India,IND,..,..,79.3,..,..,..,..,85.1,..,..,..
Pregnant women receiving prenatal care (%),SH.STA.ANVC.ZS,Brazil,BRA,..,97.2,..,..,..,..,..,..,..,..,..
Pregnant women receiving prenatal care of at least four visits (% of pregnant women),SH.STA.ANV4.ZS,China,CHN,..,..,..,..,92.9,..,..,..,..,..,..
Pregnant women receiving prenatal care of at least four visits (% of pregnant women),SH.STA.ANV4.ZS,India,IND,45.4,..,51.2,..,..,..,..,58.1,..,..,..
Pregnant women receiving prenatal care of at least four visits (% of pregnant women),SH.STA.ANV4.ZS,Brazil,BRA,90.1,91,91.3,91.7,92.3,92.7,..,..,..,..,..
Prevalence of anemia among children (% of children ages 6-59 months),SH.ANM.CHLD.ZS,China,CHN,18.1,18.2,18.3,18.4,18.5,18.8,..,..,..,..,..
Prevalence of anemia among children (% of children ages 6-59 months),SH.ANM.CHLD.ZS,India,IND,56.4,55.7,55,54.5,53.9,53.4,..,..,..,..,..
Prevalence of anemia among children (% of children ages 6-59 months),SH.ANM.CHLD.ZS,Brazil,BRA,14.3,13.7,13,12.5,11.9,11.6,..,..,..,..,..
Prevalence of anemia among non-pregnant women (% of women ages 15-49),SH.ANM.NPRG.ZS,China,CHN,15.1,15,15,15,15,14.9,14.9,15.1,15.3,15.6,..
Prevalence of anemia among non-pregnant women (% of women ages 15-49),SH.ANM.NPRG.ZS,India,IND,50.6,50.9,51.2,51.6,51.9,52.2,52.6,52.9,53.4,54,..
Prevalence of anemia among non-pregnant women (% of women ages 15-49),SH.ANM.NPRG.ZS,Brazil,BRA,20.8,20.6,20.5,20.4,20.4,20.3,20.4,20.5,20.8,21.2,..
Prevalence of anemia among pregnant women (%),SH.PRG.ANEM,China,CHN,17.2,16.9,16.5,16.2,15.8,15.3,14.9,14.6,14.3,14.2,..
Prevalence of anemia among pregnant women (%),SH.PRG.ANEM,India,IND,48.9,48.5,48.1,47.8,47.5,47.2,46.9,46.6,46.6,46.6,..
Prevalence of anemia among pregnant women (%),SH.PRG.ANEM,Brazil,BRA,21.4,21.5,21.6,21.8,22,22.1,22.3,22.5,22.8,23.1,..
Prevalence of anemia among women of reproductive age (% of women ages 15-49),SH.ANM.ALLW.ZS,China,CHN,15.2,15.1,15,15.1,15,14.9,14.9,15,15.3,15.6,..
Prevalence of anemia among women of reproductive age (% of women ages 15-49),SH.ANM.ALLW.ZS,India,IND,50.6,50.8,51.1,51.4,51.7,52,52.3,52.7,53.2,53.7,..
Prevalence of anemia among women of reproductive age (% of women ages 15-49),SH.ANM.ALLW.ZS,Brazil,BRA,20.8,20.6,20.5,20.5,20.4,20.4,20.4,20.6,20.9,21.3,..
Prevalence of current tobacco use (% of adults),SH.PRV.SMOK,China,CHN,..,24.4,..,..,..,..,23.7,23.4,23.4,..,..
Prevalence of current tobacco use (% of adults),SH.PRV.SMOK,India,IND,..,31.5,..,..,..,..,26.1,25.2,24.3,..,..
Prevalence of current tobacco use (% of adults),SH.PRV.SMOK,Brazil,BRA,..,14.9,..,..,..,..,12.9,12.5,12.2,..,..
"Prevalence of current tobacco use, females (% of female adults)",SH.PRV.SMOK.FE,China,CHN,..,2,..,..,..,..,1.7,1.6,1.6,..,..
"Prevalence of current tobacco use, females (% of female adults)",SH.PRV.SMOK.FE,India,IND,..,16.6,..,..,..,..,12.2,11.5,10.8,..,..
"Prevalence of current tobacco use, females (% of female adults)",SH.PRV.SMOK.FE,Brazil,BRA,..,11.1,..,..,..,..,9.5,9.1,8.9,..,..
"Prevalence of current tobacco use, males (% of male adults)",SH.PRV.SMOK.MA,China,CHN,..,46.7,..,..,..,..,45.6,45.2,45.1,..,..
"Prevalence of current tobacco use, males (% of male adults)",SH.PRV.SMOK.MA,India,IND,..,46.4,..,..,..,..,40,38.8,37.8,..,..
"Prevalence of current tobacco use, males (% of male adults)",SH.PRV.SMOK.MA,Brazil,BRA,..,18.7,..,..,..,..,16.3,15.8,15.4,..,..
"Prevalence of HIV, female (% ages 15-24)",SH.HIV.1524.FE.ZS,China,CHN,..,..,..,..,..,..,..,..,..,..,..
"Prevalence of HIV, female (% ages 15-24)",SH.HIV.1524.FE.ZS,India,IND,..,..,..,..,..,..,..,..,..,..,..
"Prevalence of HIV, female (% ages 15-24)",SH.HIV.1524.FE.ZS,Brazil,BRA,..,..,..,..,..,..,..,..,..,..,..
"Prevalence of HIV, male (% ages 15-24)",SH.HIV.1524.MA.ZS,China,CHN,..,..,..,..,..,..,..,..,..,..,..
"Prevalence of HIV, male (% ages 15-24)",SH.HIV.1524.MA.ZS,India,IND,..,..,..,..,..,..,..,..,..,..,..
"Prevalence of HIV, male (% ages 15-24)",SH.HIV.1524.MA.ZS,Brazil,BRA,..,..,..,..,..,..,..,..,..,..,..
"Prevalence of HIV, total (% of population ages 15-49)",SH.DYN.AIDS.ZS,China,CHN,..,..,..,..,..,..,..,..,..,..,..
"Prevalence of HIV, total (% of population ages 15-49)",SH.DYN.AIDS.ZS,India,IND,..,..,..,..,..,..,..,..,..,..,0.2
"Prevalence of HIV, total (% of population ages 15-49)",SH.DYN.AIDS.ZS,Brazil,BRA,0.5,0.5,0.6,0.6,0.6,0.6,0.7,0.7,0.7,0.7,0.7
Prevalence of hypertension (% of adults ages 30-79),SH.HTN.PREV.ZS,China,CHN,28.6,28.3,28,27.8,27.5,27.3,..,..,..,..,..
Prevalence of hypertension (% of adults ages 30-79),SH.HTN.PREV.ZS,India,IND,31.4,31.4,31.3,31.2,31.2,31.1,..,..,..,..,..
Prevalence of hypertension (% of adults ages 30-79),SH.HTN.PREV.ZS,Brazil,BRA,45.6,45.5,45.4,45.2,45.1,45,..,..,..,..,..
"Prevalence of hypertension, female (% of female adults ages 30-79)",SH.HTN.PREV.FE.ZS,China,CHN,26.1,25.7,25.3,24.9,24.5,24.1,..,..,..,..,..
"Prevalence of hypertension, female (% of female adults ages 30-79)",SH.HTN.PREV.FE.ZS,India,IND,31.1,31,30.8,30.7,30.6,30.5,..,..,..,..,..
"Prevalence of hypertension, female (% of female adults ages 30-79)",SH.HTN.PREV.FE.ZS,Brazil,BRA,43.8,43.5,43.1,42.8,42.4,42.1,..,..,..,..,..
"Prevalence of hypertension, male (% of male adults ages 30-79)",SH.HTN.PREV.MA.ZS,China,CHN,31,30.8,30.7,30.5,30.4,30.2,..,..,..,..,..
"Prevalence of hypertension, male (% of male adults ages 30-79)",SH.HTN.PREV.MA.ZS,India,IND,31.7,31.6,31.6,31.6,31.6,31.6,..,..,..,..,..
"Prevalence of hypertension, male (% of male adults ages 30-79)",SH.HTN.PREV.MA.ZS,Brazil,BRA,47.4,47.5,47.6,47.7,47.8,47.9,..,..,..,..,..
Prevalence of overweight (% of adults),SH.STA.OWAD.ZS,China,CHN,29.93,30.86,31.8,32.72,33.65,34.58,35.53,36.49,37.46,..,..
Prevalence of overweight (% of adults),SH.STA.OWAD.ZS,India,IND,21.64,22.57,23.53,24.5,25.49,26.47,27.46,28.47,29.48,..,..
Prevalence of overweight (% of adults),SH.STA.OWAD.ZS,Brazil,BRA,54.66,55.73,56.79,57.84,58.88,59.91,60.94,61.97,63,..,..
Prevalence of overweight (% of children under 5),SH.STA.OWGH.ZS,China,CHN,..,..,..,8.5,..,..,..,..,..,..,..
Prevalence of overweight (% of children under 5),SH.STA.OWGH.ZS,India,IND,..,2.4,..,1.6,..,..,3.5,..,..,..,..
Prevalence of overweight (% of children under 5),SH.STA.OWGH.ZS,Brazil,BRA,..,..,..,..,..,9.6,..,..,..,..,..
"Prevalence of overweight (modeled estimate, % of children under 5)",SH.STA.OWGH.ME.ZS,China,CHN,7.2,7.4,7.6,7.9,8.2,8.5,8.9,9.3,9.9,10.4,11.1
"Prevalence of overweight (modeled estimate, % of children under 5)",SH.STA.OWGH.ME.ZS,India,IND,2.2,2.2,2.3,2.3,2.4,2.5,2.7,2.9,3.1,3.4,3.7
"Prevalence of overweight (modeled estimate, % of children under 5)",SH.STA.OWGH.ME.ZS,Brazil,BRA,8.1,8.3,8.5,8.7,9,9.2,9.5,9.8,10.1,10.5,10.9
"Prevalence of overweight, female (% of children under 5)",SH.STA.OWGH.FE.ZS,China,CHN,..,..,..,..,..,..,..,..,..,..,..
"Prevalence of overweight, female (% of children under 5)",SH.STA.OWGH.FE.ZS,India,IND,..,2.4,..,1.6,..,..,3.4,..,..,..,..
"Prevalence of overweight, female (% of children under 5)",SH.STA.OWGH.FE.ZS,Brazil,BRA,..,..,..,..,..,9.2,..,..,..,..,..
"Prevalence of overweight, female (% of female adults)",SH.STA.OWAD.FE.ZS,China,CHN,27.11,27.67,28.22,28.77,29.31,29.86,30.42,30.99,31.58,..,..
"Prevalence of overweight, female (% of female adults)",SH.STA.OWAD.FE.ZS,India,IND,24.11,25.02,25.96,26.9,27.83,28.77,29.7,30.63,31.58,..,..
"Prevalence of overweight, female (% of female adults)",SH.STA.OWAD.FE.ZS,Brazil,BRA,55.04,56.23,57.42,58.6,59.78,60.94,62.1,63.24,64.38,..,..
"Prevalence of overweight, female (modeled estimate, % of children under 5)",SH.STA.OWGH.ME.FE.ZS,China,CHN,6.7,6.9,7.1,7.3,7.6,7.9,8.3,8.7,9.2,9.7,10.4
"Prevalence of overweight, female (modeled estimate, % of children under 5)",SH.STA.OWGH.ME.FE.ZS,India,IND,2,2,2.1,2.2,2.2,2.4,2.5,2.7,2.9,3.1,3.4
"Prevalence of overweight, female (modeled estimate, % of children under 5)",SH.STA.OWGH.ME.FE.ZS,Brazil,BRA,7.5,7.7,7.9,8.1,8.4,8.6,8.8,9.1,9.4,9.8,10.2
"Prevalence of overweight, male (% of children under 5)",SH.STA.OWGH.MA.ZS,China,CHN,..,..,..,..,..,..,..,..,..,..,..
"Prevalence of overweight, male (% of children under 5)",SH.STA.OWGH.MA.ZS,India,IND,..,2.4,..,1.7,..,..,3.6,..,..,..,..
"Prevalence of overweight, male (% of children under 5)",SH.STA.OWGH.MA.ZS,Brazil,BRA,..,..,..,..,..,10,..,..,..,..,..
"Prevalence of overweight, male (% of male adults)",SH.STA.OWAD.MA.ZS,China,CHN,32.47,33.73,35.02,36.29,37.56,38.83,40.12,41.42,42.73,..,..
"Prevalence of overweight, male (% of male adults)",SH.STA.OWAD.MA.ZS,India,IND,19.23,20.18,21.17,22.18,23.2,24.24,25.29,26.35,27.42,..,..
"Prevalence of overweight, male (% of male adults)",SH.STA.OWAD.MA.ZS,Brazil,BRA,54.11,55.04,55.96,56.87,57.78,58.68,59.58,60.5,61.42,..,..
"Prevalence of overweight, male (modeled estimate, % of children under 5)",SH.STA.OWGH.ME.MA.ZS,China,CHN,7.7,7.9,8.1,8.4,8.7,9,9.4,9.9,10.5,11.1,11.8
"Prevalence of overweight, male (modeled estimate, % of children under 5)",SH.STA.OWGH.ME.MA.ZS,India,IND,2.3,2.4,2.4,2.5,2.6,2.7,2.9,3.1,3.3,3.6,3.9
"Prevalence of overweight, male (modeled estimate, % of children under 5)",SH.STA.OWGH.ME.MA.ZS,Brazil,BRA,8.6,8.8,9.1,9.3,9.5,9.8,10.1,10.4,10.8,11.1,11.6
"Prevalence of severe wasting, weight for height (% of children under 5)",SH.SVR.WAST.ZS,China,CHN,..,..,..,..,..,..,..,..,..,..,..
"Prevalence of severe wasting, weight for height (% of children under 5)",SH.SVR.WAST.ZS,India,IND,4.6,7.7,..,4.8,..,..,7.5,..,..,..,..
"Prevalence of severe wasting, weight for height (% of children under 5)",SH.SVR.WAST.ZS,Brazil,BRA,..,..,..,..,..,0.8,..,..,..,..,..
"Prevalence of severe wasting, weight for height, female (% of children under 5)",SH.SVR.WAST.FE.ZS,China,CHN,..,..,..,..,..,..,..,..,..,..,..
"Prevalence of severe wasting, weight for height, female (% of children under 5)",SH.SVR.WAST.FE.ZS,India,IND,4.4,7.1,..,4.7,..,..,7.1,..,..,..,..
"Prevalence of severe wasting, weight for height, female (% of children under 5)",SH.SVR.WAST.FE.ZS,Brazil,BRA,..,..,..,..,..,0.7,..,..,..,..,..
"Prevalence of severe wasting, weight for height, male (% of children under 5)",SH.SVR.WAST.MA.ZS,China,CHN,..,..,..,..,..,..,..,..,..,..,..
"Prevalence of severe wasting, weight for height, male (% of children under 5)",SH.SVR.WAST.MA.ZS,India,IND,4.8,8.2,..,5,..,..,8,..,..,..,..
"Prevalence of severe wasting, weight for height, male (% of children under 5)",SH.SVR.WAST.MA.ZS,Brazil,BRA,..,..,..,..,..,0.9,..,..,..,..,..
"Prevalence of stunting, height for age (% of children under 5)",SH.STA.STNT.ZS,China,CHN,..,..,..,4.8,..,..,..,..,..,..,..
"Prevalence of stunting, height for age (% of children under 5)",SH.STA.STNT.ZS,India,IND,38.7,37.9,..,36.1,..,..,35.5,..,..,..,..
"Prevalence of stunting, height for age (% of children under 5)",SH.STA.STNT.ZS,Brazil,BRA,..,..,..,..,..,8,..,..,..,..,..
"Prevalence of stunting, height for age (modeled estimate, % of children under 5)",SH.STA.STNT.ME.ZS,China,CHN,6.6,6.3,6.1,5.8,5.5,5.2,5,4.8,4.7,4.6,4.5
"Prevalence of stunting, height for age (modeled estimate, % of children under 5)",SH.STA.STNT.ME.ZS,India,IND,39.6,38.7,37.7,36.6,35.6,34.6,33.8,33.3,33,32.8,32.9
"Prevalence of stunting, height for age (modeled estimate, % of children under 5)",SH.STA.STNT.ME.ZS,Brazil,BRA,6.8,6.9,7.1,7.3,7.5,7.7,8,8.2,8.5,8.7,8.9
"Prevalence of stunting, height for age, female (% of children under 5)",SH.STA.STNT.FE.ZS,China,CHN,..,..,..,..,..,..,..,..,..,..,..
"Prevalence of stunting, height for age, female (% of children under 5)",SH.STA.STNT.FE.ZS,India,IND,37.9,37.5,..,35.8,..,..,34.6,..,..,..,..
"Prevalence of stunting, height for age, female (% of children under 5)",SH.STA.STNT.FE.ZS,Brazil,BRA,..,..,..,..,..,6.9,..,..,..,..,..
"Prevalence of stunting, height for age, female (modeled estimate, % of children under 5)",SH.STA.STNT.ME.FE.ZS,China,CHN,6.1,5.9,5.6,5.3,5.1,4.8,4.6,4.4,4.3,4.3,4.2
"Prevalence of stunting, height for age, female (modeled estimate, % of children under 5)",SH.STA.STNT.ME.FE.ZS,India,IND,38.6,37.6,36.6,35.6,34.5,33.5,32.7,32.1,31.9,31.7,31.8
"Prevalence of stunting, height for age, female (modeled estimate, % of children under 5)",SH.STA.STNT.ME.FE.ZS,Brazil,BRA,6.2,6.3,6.5,6.6,6.8,7,7.2,7.4,7.7,7.9,8.1
"Prevalence of stunting, height for age, male (% of children under 5)",SH.STA.STNT.MA.ZS,China,CHN,..,..,..,..,..,..,..,..,..,..,..
"Prevalence of stunting, height for age, male (% of children under 5)",SH.STA.STNT.MA.ZS,India,IND,39.5,38.3,..,36.4,..,..,36.2,..,..,..,..
"Prevalence of stunting, height for age, male (% of children under 5)",SH.STA.STNT.MA.ZS,Brazil,BRA,..,..,..,..,..,9,..,..,..,..,..
"Prevalence of stunting, height for age, male (modeled estimate, % of children under 5)",SH.STA.STNT.ME.MA.ZS,China,CHN,7.1,6.8,6.5,6.2,5.9,5.6,5.3,5.1,5,4.9,4.8
"Prevalence of stunting, height for age, male (modeled estimate, % of children under 5)",SH.STA.STNT.ME.MA.ZS,India,IND,40.5,39.6,38.6,37.6,36.6,35.6,34.9,34.3,34.1,33.9,34
"Prevalence of stunting, height for age, male (modeled estimate, % of children under 5)",SH.STA.STNT.ME.MA.ZS,Brazil,BRA,7.4,7.6,7.7,8,8.2,8.4,8.7,9,9.2,9.5,9.7
Prevalence of syphilis (% of women attending antenatal care),SH.PRG.SYPH.ZS,China,CHN,0,..,..,..,..,..,0.4,..,..,..,..
Prevalence of syphilis (% of women attending antenatal care),SH.PRG.SYPH.ZS,India,IND,0.23,0.21,0.09,0.12,0.1,0.1,0.11,0.18,0.18,..,..
Prevalence of syphilis (% of women attending antenatal care),SH.PRG.SYPH.ZS,Brazil,BRA,..,..,..,..,..,..,..,..,..,..,..
Prevalence of undernourishment (% of population),SN.ITK.DEFC.ZS,China,CHN,2.5,2.5,2.5,2.5,2.5,2.5,2.5,2.5,2.5,2.5,..
Prevalence of undernourishment (% of population),SN.ITK.DEFC.ZS,India,IND,12.6,12.1,11.6,10.6,10.5,11.8,13.4,14.3,13.5,12,..
Prevalence of undernourishment (% of population),SN.ITK.DEFC.ZS,Brazil,BRA,2.5,2.5,2.5,2.5,2.5,2.5,2.8,3.4,3.2,2.5,..
"Prevalence of underweight, weight for age (% of children under 5)",SH.STA.MALN.ZS,China,CHN,..,..,..,..,..,..,..,..,..,..,..
"Prevalence of underweight, weight for age (% of children under 5)",SH.STA.MALN.ZS,India,IND,29.4,36.3,..,33.8,..,..,31.5,..,..,..,..
"Prevalence of underweight, weight for age (% of children under 5)",SH.STA.MALN.ZS,Brazil,BRA,..,..,..,..,..,3.5,..,..,..,..,..
"Prevalence of underweight, weight for age, female (% of children under 5)",SH.STA.MALN.FE.ZS,China,CHN,..,..,..,..,..,..,..,..,..,..,..
"Prevalence of underweight, weight for age, female (% of children under 5)",SH.STA.MALN.FE.ZS,India,IND,28.7,35.6,..,34.7,..,..,30.6,..,..,..,..
"Prevalence of underweight, weight for age, female (% of children under 5)",SH.STA.MALN.FE.ZS,Brazil,BRA,..,..,..,..,..,3.1,..,..,..,..,..
"Prevalence of underweight, weight for age, male (% of children under 5)",SH.STA.MALN.MA.ZS,China,CHN,..,..,..,..,..,..,..,..,..,..,..
"Prevalence of underweight, weight for age, male (% of children under 5)",SH.STA.MALN.MA.ZS,India,IND,30,36.9,..,33,..,..,32.3,..,..,..,..
"Prevalence of underweight, weight for age, male (% of children under 5)",SH.STA.MALN.MA.ZS,Brazil,BRA,..,..,..,..,..,3.9,..,..,..,..,..
"Prevalence of wasting, weight for height (% of children under 5)",SH.STA.WAST.ZS,China,CHN,..,..,..,1.9,..,..,..,..,..,..,..
"Prevalence of wasting, weight for height (% of children under 5)",SH.STA.WAST.ZS,India,IND,15.1,20.8,..,16.9,..,..,18.7,..,..,..,..
"Prevalence of wasting, weight for height (% of children under 5)",SH.STA.WAST.ZS,Brazil,BRA,..,..,..,..,..,3.4,..,..,..,..,..
"Prevalence of wasting, weight for height, female (% of children under 5)",SH.STA.WAST.FE.ZS,China,CHN,..,..,..,..,..,..,..,..,..,..,..
"Prevalence of wasting, weight for height, female (% of children under 5)",SH.STA.WAST.FE.ZS,India,IND,14.5,19.8,..,16,..,..,17.9,..,..,..,..
"Prevalence of wasting, weight for height, female (% of children under 5)",SH.STA.WAST.FE.ZS,Brazil,BRA,..,..,..,..,..,3.1,..,..,..,..,..
"Prevalence of wasting, weight for height, male (% of children under 5)",SH.STA.WAST.MA.ZS,China,CHN,..,..,..,..,..,..,..,..,..,..,..
"Prevalence of wasting, weight for height, male (% of children under 5)",SH.STA.WAST.MA.ZS,India,IND,15.6,21.7,..,17.7,..,..,19.5,..,..,..,..
"Prevalence of wasting, weight for height, male (% of children under 5)",SH.STA.WAST.MA.ZS,Brazil,BRA,..,..,..,..,..,3.8,..,..,..,..,..
"Primary completion rate, female (% of relevant age group)",SE.PRM.CMPT.FE.ZS,China,CHN,..,..,..,..,..,..,..,..,..,..,..
"Primary completion rate, female (% of relevant age group)",SE.PRM.CMPT.FE.ZS,India,IND,100.402458605826,101.343051661322,100.53193195489,99.6020834131864,..,97.1966018676758,99.1260299682617,99.6446990760535,..,93.6491349800247,95.1962200407252
"Primary completion rate, female (% of relevant age group)",SE.PRM.CMPT.FE.ZS,Brazil,BRA,..,..,..,..,..,..,..,..,..,..,..
"Primary completion rate, male (% of relevant age group)",SE.PRM.CMPT.MA.ZS,China,CHN,..,..,..,..,..,..,..,..,..,..,..
"Primary completion rate, male (% of relevant age group)",SE.PRM.CMPT.MA.ZS,India,IND,97.7699832206047,98.58769727713,98.1993764970523,97.6611329753984,..,95.2980728149414,97.2517471313477,98.5736214326403,..,93.342321629061,93.8389276301347
"Primary completion rate, male (% of relevant age group)",SE.PRM.CMPT.MA.ZS,Brazil,BRA,..,..,..,..,..,..,..,..,..,..,..
"Primary completion rate, total (% of relevant age group)",SE.PRM.CMPT.ZS,China,CHN,..,..,..,..,..,..,..,..,..,..,..
"Primary completion rate, total (% of relevant age group)",SE.PRM.CMPT.ZS,India,IND,99.0281030972801,99.9040031261847,99.3136774343373,98.5887118701809,..,96.2056732177734,98.1474685668945,99.085491664945,..,93.4889604461665,94.4876304742988
"Primary completion rate, total (% of relevant age group)",SE.PRM.CMPT.ZS,Brazil,BRA,..,..,..,..,..,..,..,..,..,..,..
"Probability of dying among adolescents ages 10-14 years (per 1,000)",SH.DYN.1014,China,CHN,1.1,1.1,1,1,1,1,0.9,0.9,0.9,0.9,0.9
"Probability of dying among adolescents ages 10-14 years (per 1,000)",SH.DYN.1014,India,IND,3.3,3.2,3,2.9,2.8,2.7,2.5,2.4,2.3,2.3,2.2
"Probability of dying among adolescents ages 10-14 years (per 1,000)",SH.DYN.1014,Brazil,BRA,1.7,1.7,1.6,1.6,1.5,1.5,1.5,1.5,1.5,1.5,1.6
"Probability of dying among adolescents ages 10-14 years, female (per 1,000)",SH.DYN.1014.FE,China,CHN,0.8,0.8,0.8,0.7,0.7,0.7,0.7,0.7,0.7,0.7,0.7
"Probability of dying among adolescents ages 10-14 years, female (per 1,000)",SH.DYN.1014.FE,India,IND,3.1,3,2.8,2.7,2.6,2.5,2.3,2.2,2.1,2,2
"Probability of dying among adolescents ages 10-14 years, female (per 1,000)",SH.DYN.1014.FE,Brazil,BRA,1.3,1.3,1.3,1.3,1.2,1.2,1.2,1.2,1.2,1.2,1.3
"Probability of dying among adolescents ages 10-14 years, male (per 1,000)",SH.DYN.1014.MA,China,CHN,1.3,1.3,1.3,1.2,1.2,1.2,1.2,1.1,1.1,1.1,1
"Probability of dying among adolescents ages 10-14 years, male (per 1,000)",SH.DYN.1014.MA,India,IND,3.5,3.4,3.2,3.1,3,2.8,2.7,2.6,2.5,2.4,2.4
"Probability of dying among adolescents ages 10-14 years, male (per 1,000)",SH.DYN.1014.MA,Brazil,BRA,2,2,1.9,1.9,1.8,1.8,1.8,1.7,1.8,1.8,1.8
"Probability of dying among adolescents ages 10-19 years (per 1,000)",SH.DYN.1019,China,CHN,2.7,2.6,2.6,2.5,2.4,2.4,2.3,2.2,2.2,2.1,2.1
"Probability of dying among adolescents ages 10-19 years (per 1,000)",SH.DYN.1019,India,IND,8.3,7.9,7.5,7.2,6.9,6.7,6.4,6.2,6,5.9,5.7
"Probability of dying among adolescents ages 10-19 years (per 1,000)",SH.DYN.1019,Brazil,BRA,8.7,8.7,8.6,8.3,7.9,7.5,7.2,6.9,6.7,6.5,6.3
"Probability of dying among adolescents ages 10-19 years, female (per 1,000)",SH.DYN.1019.FE,China,CHN,1.7,1.7,1.6,1.6,1.6,1.5,1.5,1.4,1.4,1.4,1.3
"Probability of dying among adolescents ages 10-19 years, female (per 1,000)",SH.DYN.1019.FE,India,IND,8.1,7.6,7.2,6.9,6.5,6.3,6,5.8,5.6,5.4,5.2
"Probability of dying among adolescents ages 10-19 years, female (per 1,000)",SH.DYN.1019.FE,Brazil,BRA,4.2,4.2,4.1,4,3.9,3.7,3.6,3.5,3.5,3.5,3.5
"Probability of dying among adolescents ages 10-19 years, male (per 1,000)",SH.DYN.1019.MA,China,CHN,3.5,3.4,3.3,3.2,3.1,3.1,3,2.9,2.8,2.8,2.7
"Probability of dying among adolescents ages 10-19 years, male (per 1,000)",SH.DYN.1019.MA,India,IND,8.5,8.1,7.8,7.5,7.3,7,6.8,6.6,6.5,6.3,6.1
"Probability of dying among adolescents ages 10-19 years, male (per 1,000)",SH.DYN.1019.MA,Brazil,BRA,12.9,13,12.8,12.4,11.8,11.2,10.6,10.1,9.7,9.3,9
"Probability of dying among adolescents ages 15-19 years (per 1,000)",SH.DYN.1519,China,CHN,1.6,1.6,1.5,1.5,1.4,1.4,1.3,1.3,1.3,1.2,1.2
"Probability of dying among adolescents ages 15-19 years (per 1,000)",SH.DYN.1519,India,IND,5,4.7,4.5,4.3,4.2,4,3.9,3.8,3.7,3.6,3.5
"Probability of dying among adolescents ages 15-19 years (per 1,000)",SH.DYN.1519,Brazil,BRA,7,7,6.9,6.7,6.4,6,5.7,5.4,5.2,4.9,4.7
"Probability of dying among adolescents ages 15-19 years, female (per 1,000)",SH.DYN.1519.FE,China,CHN,1,0.9,0.9,0.9,0.8,0.8,0.8,0.8,0.7,0.7,0.7
"Probability of dying among adolescents ages 15-19 years, female (per 1,000)",SH.DYN.1519.FE,India,IND,5,4.7,4.4,4.2,4,3.8,3.7,3.6,3.5,3.4,3.3
"Probability of dying among adolescents ages 15-19 years, female (per 1,000)",SH.DYN.1519.FE,Brazil,BRA,2.9,2.9,2.9,2.8,2.6,2.5,2.4,2.4,2.3,2.3,2.2
"Probability of dying among adolescents ages 15-19 years, male (per 1,000)",SH.DYN.1519.MA,China,CHN,2.2,2.1,2.1,2,1.9,1.9,1.8,1.8,1.7,1.7,1.6
"Probability of dying among adolescents ages 15-19 years, male (per 1,000)",SH.DYN.1519.MA,India,IND,5,4.8,4.6,4.5,4.3,4.2,4.1,4,3.9,3.8,3.8
"Probability of dying among adolescents ages 15-19 years, male (per 1,000)",SH.DYN.1519.MA,Brazil,BRA,10.9,11.1,10.9,10.5,10,9.4,8.9,8.4,7.9,7.5,7.2
"Probability of dying among children ages 5-9 years (per 1,000)",SH.DYN.0509,China,CHN,1.1,1.1,1.1,1,1,1,0.9,0.9,0.9,0.9,0.8
"Probability of dying among children ages 5-9 years (per 1,000)",SH.DYN.0509,India,IND,3.8,3.5,3.2,3,2.8,2.6,2.4,2.3,2.1,2,1.9
"Probability of dying among children ages 5-9 years (per 1,000)",SH.DYN.0509,Brazil,BRA,1.3,1.3,1.3,1.2,1.2,1.2,1.1,1.1,1.1,1.2,1.2
"Probability of dying among children ages 5-9 years, female (per 1,000)",SH.DYN.0509.FE,China,CHN,0.9,0.9,0.8,0.8,0.8,0.8,0.7,0.7,0.7,0.7,0.7
"Probability of dying among children ages 5-9 years, female (per 1,000)",SH.DYN.0509.FE,India,IND,3.7,3.4,3.1,2.9,2.7,2.5,2.3,2.1,2,1.9,1.8
"Probability of dying among children ages 5-9 years, female (per 1,000)",SH.DYN.0509.FE,Brazil,BRA,1.1,1.1,1.1,1.1,1,1,1,1,1,1,1.1
"Probability of dying among children ages 5-9 years, male (per 1,000)",SH.DYN.0509.MA,China,CHN,1.4,1.3,1.3,1.2,1.2,1.1,1.1,1.1,1,1,1
"Probability of dying among children ages 5-9 years, male (per 1,000)",SH.DYN.0509.MA,India,IND,3.8,3.6,3.3,3.1,2.9,2.7,2.5,2.4,2.2,2.1,2
"Probability of dying among children ages 5-9 years, male (per 1,000)",SH.DYN.0509.MA,Brazil,BRA,1.5,1.4,1.4,1.4,1.3,1.3,1.3,1.3,1.3,1.3,1.3
"Probability of dying among youth ages 20-24 years (per 1,000)",SH.DYN.2024,China,CHN,2.7,2.6,2.6,2.6,2.6,2.5,2.5,2.5,2.5,2.4,2.4
"Probability of dying among youth ages 20-24 years (per 1,000)",SH.DYN.2024,India,IND,7,6.7,6.4,6.1,5.9,5.7,5.6,5.4,5.3,5.2,5.2
"Probability of dying among youth ages 20-24 years (per 1,000)",SH.DYN.2024,Brazil,BRA,9,9.1,9.1,9,8.9,8.8,8.6,8.5,8.3,8.1,7.8
"Probability of dying among youth ages 20-24 years, female (per 1,000)",SH.DYN.2024.FE,China,CHN,1.5,1.4,1.4,1.4,1.3,1.3,1.3,1.3,1.3,1.2,1.2
"Probability of dying among youth ages 20-24 years, female (per 1,000)",SH.DYN.2024.FE,India,IND,6.4,6,5.7,5.4,5.1,4.8,4.7,4.6,4.4,4.3,4.3
"Probability of dying among youth ages 20-24 years, female (per 1,000)",SH.DYN.2024.FE,Brazil,BRA,3.2,3.2,3.2,3.2,3.2,3.2,3.2,3.3,3.2,3.2,3.2
"Probability of dying among youth ages 20-24 years, male (per 1,000)",SH.DYN.2024.MA,China,CHN,3.7,3.7,3.7,3.7,3.6,3.6,3.5,3.5,3.5,3.4,3.4
"Probability of dying among youth ages 20-24 years, male (per 1,000)",SH.DYN.2024.MA,India,IND,7.6,7.3,7,6.8,6.7,6.5,6.3,6.2,6.1,6,6
"Probability of dying among youth ages 20-24 years, male (per 1,000)",SH.DYN.2024.MA,Brazil,BRA,14.7,14.8,14.9,14.7,14.5,14.2,13.9,13.6,13.2,12.8,12.3
Proportion of population pushed below the $2.15 ($ 2017 PPP) poverty line by out-of-pocket health care expenditure (%),SH.UHC.NOP1.ZS,China,CHN,..,..,..,..,0.87,..,..,..,..,..,..
Proportion of population pushed below the $2.15 ($ 2017 PPP) poverty line by out-of-pocket health care expenditure (%),SH.UHC.NOP1.ZS,India,IND,..,..,..,..,..,..,..,..,..,..,..
Proportion of population pushed below the $2.15 ($ 2017 PPP) poverty line by out-of-pocket health care expenditure (%),SH.UHC.NOP1.ZS,Brazil,BRA,..,..,..,0.19,..,..,..,..,..,..,..
Proportion of population pushed below the $3.65 ($ 2017 PPP) poverty line by out-of-pocket health care expenditure (%),SH.UHC.NOP2.ZS,China,CHN,..,..,..,..,2.95,..,..,..,..,..,..
Proportion of population pushed below the $3.65 ($ 2017 PPP) poverty line by out-of-pocket health care expenditure (%),SH.UHC.NOP2.ZS,India,IND,..,..,..,..,..,..,..,..,..,..,..
Proportion of population pushed below the $3.65 ($ 2017 PPP) poverty line by out-of-pocket health care expenditure (%),SH.UHC.NOP2.ZS,Brazil,BRA,..,..,..,0.71,..,..,..,..,..,..,..
Proportion of population pushed below the 60% median consumption poverty line by out-of-pocket health expenditure (%),SH.UHC.NOPR.ZS,China,CHN,..,..,..,..,4.68,..,..,..,..,..,..
Proportion of population pushed below the 60% median consumption poverty line by out-of-pocket health expenditure (%),SH.UHC.NOPR.ZS,India,IND,..,..,..,2.57,..,..,..,..,..,..,..
Proportion of population pushed below the 60% median consumption poverty line by out-of-pocket health expenditure (%),SH.UHC.NOPR.ZS,Brazil,BRA,..,..,..,2.04,..,..,..,..,..,..,..
Proportion of population pushed further below the $2.15 ($ 2017 PPP) poverty line by out-of-pocket health care expenditure (%),SH.UHC.FBP1.ZS,China,CHN,..,..,..,..,1.75,..,..,..,..,..,..
Proportion of population pushed further below the $2.15 ($ 2017 PPP) poverty line by out-of-pocket health care expenditure (%),SH.UHC.FBP1.ZS,India,IND,..,..,..,..,..,..,..,..,..,..,..
Proportion of population pushed further below the $2.15 ($ 2017 PPP) poverty line by out-of-pocket health care expenditure (%),SH.UHC.FBP1.ZS,Brazil,BRA,..,..,..,0.9,..,..,..,..,..,..,..
Proportion of population pushed further below the $3.65 ($ 2017 PPP) poverty line by out-of-pocket health care expenditure (%),SH.UHC.FBP2.ZS,China,CHN,..,..,..,..,10.3,..,..,..,..,..,..
Proportion of population pushed further below the $3.65 ($ 2017 PPP) poverty line by out-of-pocket health care expenditure (%),SH.UHC.FBP2.ZS,India,IND,..,..,..,..,..,..,..,..,..,..,..
Proportion of population pushed further below the $3.65 ($ 2017 PPP) poverty line by out-of-pocket health care expenditure (%),SH.UHC.FBP2.ZS,Brazil,BRA,..,..,..,3.92,..,..,..,..,..,..,..
Proportion of population pushed further below the 60% median consumption poverty line by out-of-pocket health care expenditure (%),SH.UHC.FBPR.ZS,China,CHN,..,..,..,..,23.93,..,..,..,..,..,..
Proportion of population pushed further below the 60% median consumption poverty line by out-of-pocket health care expenditure (%),SH.UHC.FBPR.ZS,India,IND,..,..,..,4.55,..,..,..,..,..,..,..
Proportion of population pushed further below the 60% median consumption poverty line by out-of-pocket health care expenditure (%),SH.UHC.FBPR.ZS,Brazil,BRA,..,..,..,19.9,..,..,..,..,..,..,..
Proportion of population pushed or further pushed below the $2.15 ($ 2017 PPP) poverty line by out-of-pocket health care expenditure (%),SH.UHC.TOT1.ZS,China,CHN,..,..,..,..,2.62,..,..,..,..,..,..
Proportion of population pushed or further pushed below the $2.15 ($ 2017 PPP) poverty line by out-of-pocket health care expenditure (%),SH.UHC.TOT1.ZS,India,IND,..,..,..,..,..,..,..,..,..,..,..
Proportion of population pushed or further pushed below the $2.15 ($ 2017 PPP) poverty line by out-of-pocket health care expenditure (%),SH.UHC.TOT1.ZS,Brazil,BRA,..,..,..,1.09,..,..,..,..,..,..,..
Proportion of population pushed or further pushed below the $3.65 ($ 2017 PPP) poverty line by out-of-pocket health care expenditure (%),SH.UHC.TOT2.ZS,China,CHN,..,..,..,..,13.25,..,..,..,..,..,..
Proportion of population pushed or further pushed below the $3.65 ($ 2017 PPP) poverty line by out-of-pocket health care expenditure (%),SH.UHC.TOT2.ZS,India,IND,..,..,..,..,..,..,..,..,..,..,..
Proportion of population pushed or further pushed below the $3.65 ($ 2017 PPP) poverty line by out-of-pocket health care expenditure (%),SH.UHC.TOT2.ZS,Brazil,BRA,..,..,..,4.63,..,..,..,..,..,..,..
Proportion of population pushed or further pushed below the 60% median consumption poverty line by out-of-pocket health expenditure (%),SH.UHC.TOTR.ZS,China,CHN,..,..,..,..,28.61,..,..,..,..,..,..
Proportion of population pushed or further pushed below the 60% median consumption poverty line by out-of-pocket health expenditure (%),SH.UHC.TOTR.ZS,India,IND,..,..,..,7.12,..,..,..,..,..,..,..
Proportion of population pushed or further pushed below the 60% median consumption poverty line by out-of-pocket health expenditure (%),SH.UHC.TOTR.ZS,Brazil,BRA,..,..,..,21.94,..,..,..,..,..,..,..
Proportion of population spending more than 10% of household consumption or income on out-of-pocket health care expenditure (%),SH.UHC.OOPC.10.ZS,China,CHN,..,..,..,..,24.33,..,..,..,..,..,..
Proportion of population spending more than 10% of household consumption or income on out-of-pocket health care expenditure (%),SH.UHC.OOPC.10.ZS,India,IND,..,..,..,17.46,..,..,..,..,..,..,..
Proportion of population spending more than 10% of household consumption or income on out-of-pocket health care expenditure (%),SH.UHC.OOPC.10.ZS,Brazil,BRA,..,..,..,11.81,..,..,..,..,..,..,..
Proportion of population spending more than 25% of household consumption or income on out-of-pocket health care expenditure (%),SH.UHC.OOPC.25.ZS,China,CHN,..,..,..,..,6.94,..,..,..,..,..,..
Proportion of population spending more than 25% of household consumption or income on out-of-pocket health care expenditure (%),SH.UHC.OOPC.25.ZS,India,IND,..,..,..,6.67,..,..,..,..,..,..,..
Proportion of population spending more than 25% of household consumption or income on out-of-pocket health care expenditure (%),SH.UHC.OOPC.25.ZS,Brazil,BRA,..,..,..,1.88,..,..,..,..,..,..,..
"Public spending on education, total (% of GDP)",SE.XPD.TOTL.GD.ZS,China,CHN,..,..,..,..,..,..,..,..,..,3.89714002609253,..
"Public spending on education, total (% of GDP)",SE.XPD.TOTL.GD.ZS,India,IND,3.89878023242693,4.1145601272583,4.25406980514526,4.30543994903565,4.36374998092651,3.89732003211975,4.29335021972656,4.62949991226196,4.09865814174589,..,..
"Public spending on education, total (% of GDP)",SE.XPD.TOTL.GD.ZS,Brazil,BRA,5.94848012924194,6.24105978012085,6.31403017044067,6.32047986984253,6.08851003646851,5.96346998214722,5.7714900970459,5.4969801902771,5.61920976638794,..,..
Ratio of school attendance of orphans to school attendance of non-orphans ages 10-14,SE.ENR.ORPH,China,CHN,..,..,..,..,..,..,..,..,..,..,..
Ratio of school attendance of orphans to school attendance of non-orphans ages 10-14,SE.ENR.ORPH,India,IND,..,..,..,..,..,..,..,..,..,..,..
Ratio of school attendance of orphans to school attendance of non-orphans ages 10-14,SE.ENR.ORPH,Brazil,BRA,..,..,..,..,..,..,..,..,..,..,..
Ratio of young literate females to males (% ages 15-24),SE.ADT.1524.LT.FM.ZS,China,CHN,..,..,..,..,..,..,1,..,..,..,..
Ratio of young literate females to males (% ages 15-24),SE.ADT.1524.LT.FM.ZS,India,IND,..,..,0.930000007152557,..,0.962729381380768,0.968104062661511,0.980843975726238,0.974548660799376,0.980000019073486,0.980000019073486,0.986227278251213
Ratio of young literate females to males (% ages 15-24),SE.ADT.1524.LT.FM.ZS,Brazil,BRA,1.00999999046326,1.00999999046326,1.00999999046326,1.00999999046326,1,1.008,1.005,1.004,1.006,1.006,1
Risk of catastrophic expenditure for surgical care (% of people at risk),SH.SGR.CRSK.ZS,China,CHN,14.4,11.4,10.4,9.7,8,6.7,6.2,7.5,3.7,..,..
Risk of catastrophic expenditure for surgical care (% of people at risk),SH.SGR.CRSK.ZS,India,IND,46.4,42.5,37.9,30.1,25,23.8,24.1,22.8,20.4,..,..
Risk of catastrophic expenditure for surgical care (% of people at risk),SH.SGR.CRSK.ZS,Brazil,BRA,13.1,11.8,13.4,13.3,13.7,13.2,8.3,13.1,23.1,..,..
Risk of impoverishing expenditure for surgical care (% of people at risk),SH.SGR.IRSK.ZS,China,CHN,24.8,21.4,19.1,17.6,15.1,13.3,12.9,6.7,6.3,..,..
Risk of impoverishing expenditure for surgical care (% of people at risk),SH.SGR.IRSK.ZS,India,IND,63.1,59.4,55.4,52.4,48.4,46.3,49.6,43.9,40.2,..,..
Risk of impoverishing expenditure for surgical care (% of people at risk),SH.SGR.IRSK.ZS,Brazil,BRA,16.8,16.8,18.9,18.7,19,18.3,13.9,18.3,24.1,..,..
Rural population,SP.RUR.TOTL,China,CHN,607044544,588789237,571215421,555131332,540059817,524949305,514720978,498265397,491187847,486269694,480535177
Rural population,SP.RUR.TOTL,India,IND,889345693,895788394,902255954,908494076,914169786,919344187,923922894,927115988,930009287,933771782,937610709
Rural population,SP.RUR.TOTL,Brazil,BRA,29146127,28852569,28554777,28252576,27943874,27633484,27311161,26956386,26604695,26147729,25660615
Rural population (% of total population),SP.RUR.TOTL.ZS,China,CHN,44.2497444152832,42.6702156066895,41.1600761413574,39.7597312927246,38.4998016357422,37.2900848388672,36.4765769733742,35.278923034668,34.7823638916016,34.4698551964477,34.1053019001675
Rural population (% of total population),SP.RUR.TOTL.ZS,India,IND,67.7711766591179,67.4527009977701,67.1349219027177,66.8178671842461,66.5015646526402,66.1860421181853,65.8713273911667,65.5574482818696,65.2444326005794,64.9323081575814,64.6211027631611
Rural population (% of total population),SP.RUR.TOTL.ZS,Brazil,BRA,14.5668632101832,14.3064302938119,14.0512951551892,13.8017102428909,13.5579280054928,13.3202008915704,13.0887813496996,12.8639218284561,12.650443756119,12.3840289764237,12.1041450466854
Rural population growth (annual %),SP.RUR.TOTL.ZG,China,CHN,-2.17791851137383,-3.05338845260966,-3.0301879485996,-2.85616882227626,-2.75248143414517,-2.83782096212918,-1.96767324733801,-3.24921027780871,-1.43062256956471,-1.00632391653804,-1.18629610241506
Rural population growth (annual %),SP.RUR.TOTL.ZG,India,IND,0.791480847119757,0.721820172530689,0.719402488673327,0.689012461751642,0.622794851403478,0.564425994371504,0.496804447345255,0.345005952960715,0.311589248158604,0.403749149910514,0.410277685448571
Rural population growth (annual %),SP.RUR.TOTL.ZG,Brazil,BRA,-0.999757307752816,-1.01230036917971,-1.0374793187564,-1.06396033198931,-1.09866407996527,-1.1169772665822,-1.1732779328096,-1.30752198689727,-1.31325226413425,-1.73253623567032,-1.88050154508882
Rural poverty headcount ratio at national poverty lines (% of rural population),SI.POV.RUHC,China,CHN,..,..,..,..,..,..,..,..,..,..,..
Rural poverty headcount ratio at national poverty lines (% of rural population),SI.POV.RUHC,India,IND,..,..,..,..,..,..,..,..,..,..,..
Rural poverty headcount ratio at national poverty lines (% of rural population),SI.POV.RUHC,Brazil,BRA,..,..,..,..,..,..,..,..,..,..,..
"School enrollment, primary (% gross)",SE.PRM.ENRR,China,CHN,96.8963827081444,96.340011477005,96.8787921899343,97.5379880463436,97.8103054615567,97.8174906065295,98.7860625918346,99.2294555866603,100.09807464465,99.1718634239571,99.644962886981
"School enrollment, primary (% gross)",SE.PRM.ENRR,India,IND,103.55659949185,104.221831829753,103.742722477923,101.886981326278,101.097955349788,99.5039235046054,101.291254076896,102.316124063995,111.084455602236,112.031231642927,120.520368565055
"School enrollment, primary (% gross)",SE.PRM.ENRR,Brazil,BRA,109.808906555176,108.740180969238,108.583656311035,109.788749694824,108.720008850098,107.682991027832,105.912231445312,103.929397583008,104.667419433594,..,104.296913146973
"School enrollment, primary (% net)",SE.PRM.NENR,China,CHN,..,..,..,..,..,..,..,..,..,..,..
"School enrollment, primary (% net)",SE.PRM.NENR,India,IND,..,..,..,..,..,..,..,..,..,..,..
"School enrollment, primary (% net)",SE.PRM.NENR,Brazil,BRA,94.84088,94.73055,95.47144,96.29925,..,..,..,..,..,..,..
"School enrollment, primary, female (% gross)",SE.PRM.ENRR.FE,China,CHN,97.3997860041739,96.8114022281358,97.4758013704745,98.1719823145851,98.5959714138164,98.6250403290032,99.5844232146794,100.100114133668,100.94538291935,100.11641295423,100.682731254959
"School enrollment, primary, female (% gross)",SE.PRM.ENRR.FE,India,IND,104.636571592045,105.304967484624,104.836573961145,102.547235057217,101.596803531295,99.9104830435023,101.668138132836,102.460904694555,110.846127714644,111.433085684089,119.862205572071
"School enrollment, primary, female (% gross)",SE.PRM.ENRR.FE,Brazil,BRA,106.958572387695,106.45255279541,106.516616821289,108.252456665039,107.393981933594,106.121940612793,103.485473632812,102.507659912109,104.361701965332,..,104.263221740723
"School enrollment, primary, female (% net)",SE.PRM.NENR.FE,China,CHN,..,..,..,..,..,..,..,..,..,..,..
"School enrollment, primary, female (% net)",SE.PRM.NENR.FE,India,IND,..,..,..,..,..,..,..,..,..,..,..
"School enrollment, primary, female (% net)",SE.PRM.NENR.FE,Brazil,BRA,94.72819,94.68207,..,..,..,..,..,..,..,..,..
"School enrollment, primary, male (% gross)",SE.PRM.ENRR.MA,China,CHN,96.4675078131609,95.9384417979412,96.3700418739904,96.9972776605988,97.1394273388879,97.1266797256074,98.1016594213877,98.4810417938553,99.3675022136586,98.3545369445796,98.7425594135002
"School enrollment, primary, male (% gross)",SE.PRM.ENRR.MA,India,IND,102.568145961356,103.230424436734,102.741275277526,101.282391706772,100.641046480757,99.1313456550913,100.945547316135,102.183186788819,111.303518695865,112.581707640262,121.127632650359
"School enrollment, primary, male (% gross)",SE.PRM.ENRR.MA,Brazil,BRA,112.565208435059,110.934120178223,110.5595703125,111.240631103516,109.976219177246,109.173156738281,108.270729064941,105.301170349121,104.958061218262,..,104.328941345215
"School enrollment, primary, male (% net)",SE.PRM.NENR.MA,China,CHN,..,..,..,..,..,..,..,..,..,..,..
"School enrollment, primary, male (% net)",SE.PRM.NENR.MA,India,IND,..,..,..,..,..,..,..,..,..,..,..
"School enrollment, primary, male (% net)",SE.PRM.NENR.MA,Brazil,BRA,94.94907,94.77706,..,..,..,..,..,..,..,..,..
"School enrollment, secondary (% gross)",SE.SEC.ENRR,China,CHN,..,..,..,..,..,..,..,..,..,..,..
"School enrollment, secondary (% gross)",SE.SEC.ENRR,India,IND,74.8887023925781,74.6113662719727,75.9372863769531,74.6743774414062,76.0025787353516,75.8716506958008,77.6271548412386,80.6246396728944,81.1778608399708,78.8639591218839,78.1058073224606
"School enrollment, secondary (% gross)",SE.SEC.ENRR,Brazil,BRA,102.780311584473,101.086227416992,102.692901611328,102.989486694336,104.818481445312,103.667556762695,103.882659912109,106.298461914062,105.702369689941,..,104.144660949707
"School enrollment, secondary (% net)",SE.SEC.NENR,China,CHN,..,..,..,..,..,..,..,..,..,..,..
"School enrollment, secondary (% net)",SE.SEC.NENR,India,IND,..,..,..,..,..,..,..,..,..,..,..
"School enrollment, secondary (% net)",SE.SEC.NENR,Brazil,BRA,81.92489,81.68909,82.32779,81.72855,..,..,..,..,..,..,..
"School enrollment, secondary, female (% gross)",SE.SEC.ENRR.FE,China,CHN,..,..,..,..,..,..,..,..,..,..,..
"School enrollment, secondary, female (% gross)",SE.SEC.ENRR.FE,India,IND,74.7539901733398,74.3924407958984,75.823371887207,74.2236328125,75.5565032958984,75.6416931152344,76.5541213427966,78.4542146302356,80.4518698611689,78.7503140925354,78.7182686071249
"School enrollment, secondary, female (% gross)",SE.SEC.ENRR.FE,Brazil,BRA,105.905128479004,103.670433044434,104.728561401367,104.489143371582,106.413528442383,105.773582458496,106.353302001953,110.021629333496,108.587013244629,..,105.251502990723
"School enrollment, secondary, female (% net)",SE.SEC.NENR.FE,China,CHN,..,..,..,..,..,..,..,..,..,..,..
"School enrollment, secondary, female (% net)",SE.SEC.NENR.FE,India,IND,..,..,..,..,..,..,..,..,..,..,..
"School enrollment, secondary, female (% net)",SE.SEC.NENR.FE,Brazil,BRA,84.85284,83.63342,84.27552,83.18157,..,..,..,..,..,..,..
"School enrollment, secondary, male (% gross)",SE.SEC.ENRR.MA,China,CHN,..,..,..,..,..,..,..,..,..,..,..
"School enrollment, secondary, male (% gross)",SE.SEC.ENRR.MA,India,IND,75.0117111206055,74.8113708496094,76.0413970947266,75.0866012573242,76.4107971191406,76.0821914672852,78.6095664050448,82.6116113019876,81.8421926159795,78.9679674584088,77.5453575412386
"School enrollment, secondary, male (% gross)",SE.SEC.ENRR.MA,Brazil,BRA,99.7757186889648,98.6036529541016,100.737426757812,101.547561645508,103.283660888672,101.655868530273,101.540008544922,102.79443359375,102.988838195801,..,103.072776794434
"School enrollment, secondary, male (% net)",SE.SEC.NENR.MA,China,CHN,..,..,..,..,..,..,..,..,..,..,..
"School enrollment, secondary, male (% net)",SE.SEC.NENR.MA,India,IND,..,..,..,..,..,..,..,..,..,..,..
"School enrollment, secondary, male (% net)",SE.SEC.NENR.MA,Brazil,BRA,79.17517,79.82942,80.47069,80.33465,..,..,..,..,..,..,..
"School enrollment, tertiary (% gross)",SE.TER.ENRR,China,CHN,43.7110051016854,47.1192619330726,49.309077375597,51.0678812273407,53.3987984572814,56.6050917923292,61.6124675996947,66.8186077597542,71.5799465086024,74.5933014618366,76.8757843123403
"School enrollment, tertiary (% gross)",SE.TER.ENRR,India,IND,25.991324706788,27.2845677075978,27.3043573857643,27.9090519049334,28.5316865291946,29.0233593907143,29.8196397708424,31.5741765984501,32.6703053423023,34.2394344991225,34.4184659748952
"School enrollment, tertiary (% gross)",SE.TER.ENRR,Brazil,BRA,47.8131904602051,49.0805015563965,48.9665794372559,50.7326316833496,52.05712890625,53.6215400695801,55.529109954834,57.6311988830566,61.0000915527344,..,69.7317733764648
"School enrollment, tertiary, female (% gross)",SE.TER.ENRR.FE,China,CHN,47.5906879298064,51.8254378693937,54.6856037467009,56.7811359609732,59.6629415547707,63.3739579786153,68.2395678206989,73.3186043850246,77.6808223561514,80.7794373835271,83.0664788571171
"School enrollment, tertiary, female (% gross)",SE.TER.ENRR.FE,India,IND,25.4988485872123,26.8824848217933,27.0964508083747,28.1063681820981,29.1416522206199,30.2734834550521,31.2567152517231,32.3862536999882,33.2538563262393,35.2437991377201,35.4110375372816
"School enrollment, tertiary, female (% gross)",SE.TER.ENRR.FE,Brazil,BRA,54.8358497619629,55.843578338623,56.1552810668945,57.9084701538086,59.8607711791992,61.9600982666016,65.5439300537109,68.6266479492188,72.5810623168945,..,85.3342590332031
Sex ratio at birth (male births per female births),SP.POP.BRTH.MF,China,CHN,1.155,1.15,1.145,1.133,1.139,1.139,1.112,1.104,1.106,1.108,1.103
Sex ratio at birth (male births per female births),SP.POP.BRTH.MF,India,IND,1.091,1.09,1.088,1.086,1.084,1.082,1.079,1.077,1.075,1.073,1.071
Sex ratio at birth (male births per female births),SP.POP.BRTH.MF,Brazil,BRA,1.045,1.045,1.045,1.045,1.045,1.045,1.045,1.045,1.045,1.045,1.045
Share of women employed in the nonagricultural sector (% of total nonagricultural employment),SL.EMP.INSV.FE.ZS,China,CHN,..,..,..,..,..,..,..,..,..,..,..
Share of women employed in the nonagricultural sector (% of total nonagricultural employment),SL.EMP.INSV.FE.ZS,India,IND,..,..,..,..,..,..,..,..,..,..,..
Share of women employed in the nonagricultural sector (% of total nonagricultural employment),SL.EMP.INSV.FE.ZS,Brazil,BRA,..,..,..,..,..,..,..,..,..,..,..
"Specialist surgical workforce (per 100,000 population)",SH.MED.SAOP.P5,China,CHN,..,..,..,..,..,..,..,..,..,..,..
"Specialist surgical workforce (per 100,000 population)",SH.MED.SAOP.P5,India,IND,6.82,..,..,..,..,..,..,..,..,..,..
"Specialist surgical workforce (per 100,000 population)",SH.MED.SAOP.P5,Brazil,BRA,..,..,34.74,..,55.47,..,..,..,..,..,..
"Stillbirth rate (per 1,000 total births)",SH.DYN.STLB,China,CHN,7.9,7.4,6.6,6.1,5.7,5.5,5.2,5,4.8,4.7,..
"Stillbirth rate (per 1,000 total births)",SH.DYN.STLB,India,IND,18.4,17.3,16.5,15.7,15,14.3,13.6,13,12.4,11.8,..
"Stillbirth rate (per 1,000 total births)",SH.DYN.STLB,Brazil,BRA,7.9,7.6,7.5,7.1,7,7,7,6.8,6.5,6.2,..
"Suicide mortality rate (per 100,000 population)",SH.STA.SUIC.P5,China,CHN,8.86,8.69,8.65,8.62,8.7,8.75,8.82,8.95,..,..,..
"Suicide mortality rate (per 100,000 population)",SH.STA.SUIC.P5,India,IND,15.12,14.63,14.62,14.87,14.31,13.98,13.01,12.56,..,..,..
"Suicide mortality rate (per 100,000 population)",SH.STA.SUIC.P5,Brazil,BRA,5.85,6.11,6.25,6.89,6.68,6.71,6.93,7.59,..,..,..
"Suicide mortality rate, female (per 100,000 female population)",SH.STA.SUIC.FE.P5,China,CHN,7.47,7.26,7.19,7.17,7.25,7.27,7.13,7.52,..,..,..
"Suicide mortality rate, female (per 100,000 female population)",SH.STA.SUIC.FE.P5,India,IND,13,12.6,12.67,12.77,11.8,11.32,10.79,11.23,..,..,..
"Suicide mortality rate, female (per 100,000 female population)",SH.STA.SUIC.FE.P5,Brazil,BRA,2.58,2.8,2.73,3.04,3.13,3.27,3.41,3.9,..,..,..
"Suicide mortality rate, male (per 100,000 male population)",SH.STA.SUIC.MA.P5,China,CHN,10.18,10.05,10.04,10,10.09,10.16,10.44,10.32,..,..,..
"Suicide mortality rate, male (per 100,000 male population)",SH.STA.SUIC.MA.P5,India,IND,17.1,16.53,16.46,16.84,16.66,16.47,15.09,13.8,..,..,..
"Suicide mortality rate, male (per 100,000 male population)",SH.STA.SUIC.MA.P5,Brazil,BRA,9.2,9.5,9.85,10.83,10.33,10.24,10.56,11.4,..,..,..
"Survival to age 65, female (% of cohort)",SP.DYN.TO65.FE.ZS,China,CHN,88.991318,89.250644,89.498417,89.700421,89.98544,90.152664,90.394112,90.254381,90.559517,90.430475,90.384819
"Survival to age 65, female (% of cohort)",SP.DYN.TO65.FE.ZS,India,IND,74.733864,75.070213,75.413346,75.757583,76.138822,76.558342,75.792373,69.548678,78.057246,78.593384,79.134621
"Survival to age 65, female (% of cohort)",SP.DYN.TO65.FE.ZS,Brazil,BRA,85.304294,85.584682,85.59163,86.080173,86.389022,86.473098,85.023419,81.256581,85.014038,86.379739,86.509081
"Survival to age 65, male (% of cohort)",SP.DYN.TO65.MA.ZS,China,CHN,80.060367,80.378495,80.659112,80.420412,81.329196,81.743736,81.495929,81.888934,82.145251,82.033392,81.659512
"Survival to age 65, male (% of cohort)",SP.DYN.TO65.MA.ZS,India,IND,67.081094,67.64069,68.208033,68.747707,69.277438,69.787036,68.092816,61.782711,71.256261,71.727546,72.341832
"Survival to age 65, male (% of cohort)",SP.DYN.TO65.MA.ZS,Brazil,BRA,72.859963,73.529233,73.379175,74.258218,74.821422,75.501009,73.396334,69.007657,73.822413,75.790679,75.604225
Teenage mothers (% of women ages 15-19 who have had children or are currently pregnant),SP.MTR.1519.ZS,China,CHN,..,..,..,..,..,..,..,..,..,..,..
Teenage mothers (% of women ages 15-19 who have had children or are currently pregnant),SP.MTR.1519.ZS,India,IND,..,..,7.9,..,..,..,..,6.8,..,..,..
Teenage mothers (% of women ages 15-19 who have had children or are currently pregnant),SP.MTR.1519.ZS,Brazil,BRA,..,..,..,..,..,..,..,..,..,..,..
"Total alcohol consumption per capita (liters of pure alcohol, projected estimates, 15+ years of age)",SH.ALC.PCAP.LI,China,CHN,7.29,7.35,7.18,6.53,5.73,5.73,4.58,..,..,..,..
"Total alcohol consumption per capita (liters of pure alcohol, projected estimates, 15+ years of age)",SH.ALC.PCAP.LI,India,IND,5.02,4.96,4.87,4.87,4.92,4.92,4.1,..,..,..,..
"Total alcohol consumption per capita (liters of pure alcohol, projected estimates, 15+ years of age)",SH.ALC.PCAP.LI,Brazil,BRA,8.34,8.2,8,7.79,7.67,7.67,7.7,..,..,..,..
"Total alcohol consumption per capita, female (liters of pure alcohol, projected estimates, female 15+ years of age)",SH.ALC.PCAP.FE.LI,China,CHN,2.98,2.99,2.91,2.63,2.28,2.28,1.79,..,..,..,..
"Total alcohol consumption per capita, female (liters of pure alcohol, projected estimates, female 15+ years of age)",SH.ALC.PCAP.FE.LI,India,IND,1.6,1.58,1.55,1.55,1.56,1.56,1.28,..,..,..,..
"Total alcohol consumption per capita, female (liters of pure alcohol, projected estimates, female 15+ years of age)",SH.ALC.PCAP.FE.LI,Brazil,BRA,3.58,3.51,3.42,3.32,3.27,3.27,3.27,..,..,..,..
"Total alcohol consumption per capita, male (liters of pure alcohol, projected estimates, male 15+ years of age)",SH.ALC.PCAP.MA.LI,China,CHN,11.5,11.6,11.34,10.35,9.09,9.09,7.31,..,..,..,..
"Total alcohol consumption per capita, male (liters of pure alcohol, projected estimates, male 15+ years of age)",SH.ALC.PCAP.MA.LI,India,IND,8.24,8.16,8.01,8.02,8.1,8.1,6.77,..,..,..,..
"Total alcohol consumption per capita, male (liters of pure alcohol, projected estimates, male 15+ years of age)",SH.ALC.PCAP.MA.LI,Brazil,BRA,13.35,13.13,12.83,12.5,12.32,12.32,12.37,..,..,..,..
Treatment for hypertension (% of adults ages 30-79 with hypertension),SH.HTN.TRET.ZS,China,CHN,38.6,38.8,39,39.1,39.2,39.2,..,..,..,..,..
Treatment for hypertension (% of adults ages 30-79 with hypertension),SH.HTN.TRET.ZS,India,IND,25.8,26.6,27.4,28.3,29.1,29.9,..,..,..,..,..
Treatment for hypertension (% of adults ages 30-79 with hypertension),SH.HTN.TRET.ZS,Brazil,BRA,58.4,59.2,60,60.6,61.3,61.9,..,..,..,..,..
"Treatment for hypertension, female (% of female adults ages 30-79 with hypertension)",SH.HTN.TRET.FE.ZS,China,CHN,44.6,44.7,44.7,44.7,44.6,44.6,..,..,..,..,..
"Treatment for hypertension, female (% of female adults ages 30-79 with hypertension)",SH.HTN.TRET.FE.ZS,India,IND,30,31,32.1,33.1,34.1,35.1,..,..,..,..,..
"Treatment for hypertension, female (% of female adults ages 30-79 with hypertension)",SH.HTN.TRET.FE.ZS,Brazil,BRA,68.3,68.7,69.1,69.3,69.6,69.8,..,..,..,..,..
"Treatment for hypertension, male (% of male adults ages 30-79 with hypertension)",SH.HTN.TRET.MA.ZS,China,CHN,33.7,34,34.3,34.6,34.8,35.1,..,..,..,..,..
"Treatment for hypertension, male (% of male adults ages 30-79 with hypertension)",SH.HTN.TRET.MA.ZS,India,IND,21.8,22.4,23.1,23.8,24.4,25.1,..,..,..,..,..
"Treatment for hypertension, male (% of male adults ages 30-79 with hypertension)",SH.HTN.TRET.MA.ZS,Brazil,BRA,48.5,49.7,50.9,52.1,53.3,54.4,..,..,..,..,..
"Tuberculosis case detection rate (%, all forms)",SH.TBS.DTEC.ZS,China,CHN,88,88,88,88,92,88,75,75,67,76,76
"Tuberculosis case detection rate (%, all forms)",SH.TBS.DTEC.ZS,India,IND,50,53,58,56,67,77,59,71,81,86,92
"Tuberculosis case detection rate (%, all forms)",SH.TBS.DTEC.ZS,Brazil,BRA,92,92,92,92,92,92,82,82,86,89,89
"Tuberculosis death rate (per 100,000 people)",SH.TBS.MORT,China,CHN,2.8,2.8,2.8,2.6,2.4,2.2,2.1,2,1.9,1.8,1.7
"Tuberculosis death rate (per 100,000 people)",SH.TBS.MORT,India,IND,30,28,27,25,24,23,21,22,22,21,21
"Tuberculosis death rate (per 100,000 people)",SH.TBS.MORT,Brazil,BRA,2.5,2.6,2.5,2.5,2.5,2.5,2.5,2.7,3.9,3.3,3.3
Tuberculosis treatment success rate (% of new cases),SH.TBS.CURE.ZS,China,CHN,94,94,93,93,94,94,95,94,95,95,..
Tuberculosis treatment success rate (% of new cases),SH.TBS.CURE.ZS,India,IND,74,72,69,81,82,84,85,87,89,90,..
Tuberculosis treatment success rate (% of new cases),SH.TBS.CURE.ZS,Brazil,BRA,71,71,72,71,71,69,67,65,66,65,..
UHC service coverage index,SH.UHC.SRVS.CV.XD,China,CHN,..,76,..,79,..,81,..,81,..,..,..
UHC service coverage index,SH.UHC.SRVS.CV.XD,India,IND,..,57,..,60,..,64,..,63,..,..,..
UHC service coverage index,SH.UHC.SRVS.CV.XD,Brazil,BRA,..,82,..,82,..,81,..,80,..,..,..
"Unemployment, female (% of female labor force)",SL.UEM.TOTL.FE.ZS,China,CHN,4.018,4.036,3.958,3.881,3.743,3.961,4.343,3.953,4.328,4.059,3.99
"Unemployment, female (% of female labor force)",SL.UEM.TOTL.FE.ZS,India,IND,7.717,7.693,7.678,7.69,7.713,6.073,6.749,5.394,4.587,4.057,4.088
"Unemployment, female (% of female labor force)",SL.UEM.TOTL.FE.ZS,Brazil,BRA,8.326,10.313,13.608,14.885,14.417,14.35,16.25,16.444,11.515,9.698,8.374
"Unemployment, male (% of male labor force)",SL.UEM.TOTL.MA.ZS,China,CHN,5.123,5.146,5.047,4.948,4.772,5.05,5.537,5.04,5.518,5.175,5.088
"Unemployment, male (% of male labor force)",SL.UEM.TOTL.MA.ZS,India,IND,7.636,7.609,7.59,7.605,7.632,6.653,8.219,6.72,4.907,4.216,4.207
"Unemployment, male (% of male labor force)",SL.UEM.TOTL.MA.ZS,Brazil,BRA,5.616,7.233,10.079,11.209,10.737,10.07,11.804,10.678,7.478,6.609,5.597
"Unemployment, total (% of total labor force)",SL.UEM.TOTL.ZS,China,CHN,4.63,4.65,4.56,4.47,4.31,4.56,5,4.55,4.98,4.67,4.59
"Unemployment, total (% of total labor force)",SL.UEM.TOTL.ZS,India,IND,7.656,7.629,7.611,7.626,7.652,6.51,7.859,6.38,4.822,4.172,4.173
"Unemployment, total (% of total labor force)",SL.UEM.TOTL.ZS,Brazil,BRA,6.755,8.538,11.58,12.792,12.329,11.936,13.697,13.158,9.231,7.947,6.801
Unmet need for contraception (% of married women ages 15-49),SP.UWT.TFRT,China,CHN,..,..,..,..,..,..,..,..,..,..,..
Unmet need for contraception (% of married women ages 15-49),SP.UWT.TFRT,India,IND,..,..,12.9,..,..,..,..,9.4,..,..,..
Unmet need for contraception (% of married women ages 15-49),SP.UWT.TFRT,Brazil,BRA,..,..,..,..,..,..,..,..,..,..,..
Urban population,SP.URB.TOTL,China,CHN,764815456,791070763,816574579,841083668,862700183,882795695,896379022,914094603,920987153,924440306,928439823
Urban population,SP.URB.TOTL,India,IND,422931498,432236104,441688342,451163324,460489278,469686125,478694801,487087908,495413925,504297814,513325082
Urban population,SP.URB.TOTL,Brazil,BRA,170939000,172822963,174663337,176450869,178163387,179821975,181349681,182593908,183701720,184993000,186337958
Urban population (% of total population),SP.URB.TOTL.IN.ZS,China,CHN,55.7502555847168,57.3297843933105,58.8399238586426,60.2402687072754,61.5001983642578,62.7099151611328,63.5234230266258,64.721076965332,65.2176361083984,65.5301448035523,65.8946980998325
Urban population (% of total population),SP.URB.TOTL.IN.ZS,India,IND,32.2288233408821,32.5472990022299,32.8650780972823,33.1821328157539,33.4984353473598,33.8139578818147,34.1286726088333,34.4425517181304,34.7555673994206,35.0676918424186,35.3788972368389
Urban population (% of total population),SP.URB.TOTL.IN.ZS,Brazil,BRA,85.4331367898168,85.6935697061881,85.9487048448108,86.1982897571091,86.4420719945072,86.6797991084296,86.9112186503004,87.1360781715439,87.349556243881,87.6159710235763,87.8958549533146
Urban population growth (annual %),SP.URB.GROW,China,CHN,2.91680288008358,3.37528532053127,3.17308241612449,2.95728932457474,2.5376076856921,2.30265796342305,1.52695413125789,1.95707313202645,0.751201671519741,0.374239259681571,0.431708792065523
Urban population growth (annual %),SP.URB.GROW,India,IND,2.25647131147126,2.17617533145353,2.16325487902533,2.12248866445848,2.0460160617663,1.97750804279549,1.89985832105548,1.73813803578169,1.69490092263281,1.7773369092557,1.77423382325139
Urban population growth (annual %),SP.URB.GROW,Brazil,BRA,1.11754171317172,1.09609675577337,1.05925972214881,1.01821425229253,0.965855875269478,0.926629993198714,0.845977299612384,0.683749836538948,0.604875020599164,0.700463125537351,0.724401697459186
Urban poverty headcount ratio at national poverty lines (% of urban population),SI.POV.URHC,China,CHN,..,..,..,..,..,..,..,..,..,..,..
Urban poverty headcount ratio at national poverty lines (% of urban population),SI.POV.URHC,India,IND,..,..,..,..,..,..,..,..,..,..,..
Urban poverty headcount ratio at national poverty lines (% of urban population),SI.POV.URHC,Brazil,BRA,..,..,..,..,..,..,..,..,..,..,..
Use of insecticide-treated bed nets (% of under-5 population),SH.MLR.NETS.ZS,China,CHN,..,..,..,..,..,..,..,..,..,..,..
Use of insecticide-treated bed nets (% of under-5 population),SH.MLR.NETS.ZS,India,IND,..,..,5,..,..,..,..,4.4,..,..,..
Use of insecticide-treated bed nets (% of under-5 population),SH.MLR.NETS.ZS,Brazil,BRA,..,..,..,..,..,..,..,..,..,..,..
Vitamin A supplementation coverage rate (% of children ages 6-59 months),SN.ITK.VITA.ZS,China,CHN,..,..,..,..,..,..,..,..,..,..,..
Vitamin A supplementation coverage rate (% of children ages 6-59 months),SN.ITK.VITA.ZS,India,IND,61,53,71,..,56,..,54,..,..,..,..
Vitamin A supplementation coverage rate (% of children ages 6-59 months),SN.ITK.VITA.ZS,Brazil,BRA,..,..,..,..,..,..,..,..,..,..,..
Wanted fertility rate (births per woman),SP.DYN.WFRT,China,CHN,..,..,..,..,..,..,..,..,..,..,..
Wanted fertility rate (births per woman),SP.DYN.WFRT,India,IND,..,..,1.8,..,..,..,..,1.6,..,..,..
Wanted fertility rate (births per woman),SP.DYN.WFRT,Brazil,BRA,..,..,..,..,..,..,..,..,..,..,..
Women who were first married by age 15 (% of women ages 20-24),SP.M15.2024.FE.ZS,China,CHN,..,..,..,..,..,..,0.1,..,..,..,..
Women who were first married by age 15 (% of women ages 20-24),SP.M15.2024.FE.ZS,India,IND,..,..,5.4,..,..,..,..,4,..,..,..
Women who were first married by age 15 (% of women ages 20-24),SP.M15.2024.FE.ZS,Brazil,BRA,..,..,..,..,..,..,..,..,..,..,..
Women who were first married by age 18 (% of women ages 20-24),SP.M18.2024.FE.ZS,China,CHN,..,..,..,..,..,..,2.8,..,..,..,..
Women who were first married by age 18 (% of women ages 20-24),SP.M18.2024.FE.ZS,India,IND,..,..,25.3,..,..,..,..,22.3,..,..,..
Women who were first married by age 18 (% of women ages 20-24),SP.M18.2024.FE.ZS,Brazil,BRA,..,..,..,..,..,..,..,..,..,..,..
Women's share of population ages 15+ living with HIV (%),SH.DYN.AIDS.FE.ZS,China,CHN,26.0954692374189,26.1070596744655,26.0562557274481,26.0390606263855,25.9817213137352,25.8853279319743,25.7876717490196,25.6917933235016,25.599066864105,25.5105476636149,25.4218267254167
Women's share of population ages 15+ living with HIV (%),SH.DYN.AIDS.FE.ZS,India,IND,42.4508127871266,42.8701164876598,43.319299957935,43.7816712252342,44.184509610865,44.4811267917371,44.7468941389938,45.0106794700269,45.1846533058033,45.3137292581571,45.4142013449056
Women's share of population ages 15+ living with HIV (%),SH.DYN.AIDS.FE.ZS,Brazil,BRA,33.0457047898916,33.0842354939537,33.0999708149362,33.0987500443888,33.0857839315521,33.0608874235276,33.0306612711304,32.9912537453153,32.9394341955281,32.8736277484877,32.8017076547567
Young people (ages 15-24) newly infected with HIV,SH.HIV.INCD.YG,China,CHN,..,..,..,..,..,..,..,..,..,..,..
Young people (ages 15-24) newly infected with HIV,SH.HIV.INCD.YG,India,IND,..,..,..,..,..,..,..,..,..,..,15000
Young people (ages 15-24) newly infected with HIV,SH.HIV.INCD.YG,Brazil,BRA,..,..,..,..,..,..,..,..,..,..,..
,,,,,,,,,,,,,,
,,,,,,,,,,,,,,
,,,,,,,,,,,,,,
Data from database: Health Nutrition and Population Statistics,,,,,,,,,,,,,,
Last Updated: 04/29/2026,,,,,,,,,,,,,,
